QueryId,QueryCtonten,Title,Tag,Link,Category,Author,Image
0,historical,History of the World Map by Map,"right, good, capitalist, socialist, communist, pure, pretty, past, hilarious, bad,",https://www.amazon.com/History-World-Map-DK/dp/1465475850/ref=sr_1_10?qid=1636073620&s=books&sr=1-10,Travel,"DK, ",https://m.media-amazon.com/images/I/819JDQmIb8L._AC_UY218_.jpg
0,historical,The Secret History,"entire, exciting, likable, bad, slow, old, annoying, boring, possible, describe,",https://www.amazon.com/Secret-History-Donna-Tartt/dp/1400031702/ref=sr_1_23?qid=1639358282&s=books&sr=1-23,"Mystery, Thriller & Suspense","Donna Tartt, ",https://m.media-amazon.com/images/I/91EWBiFTnGL._AC_UY218_.jpg
0,historical,Empire of Pain: The Secret History of the Sackler Dynasty,"work, large, able, numerous, sure, soft, real, bad, opioid, 1st,",https://www.amazon.com/Empire-Pain-History-Sackler-Dynasty/dp/0385545681/ref=sr_1_24?qid=1639355508&s=books&sr=1-24,Biographies,"Patrick Radden Keefe, ",https://m.media-amazon.com/images/I/71ToorJRl+L._AC_UY218_.jpg
0,historical,Empire of Pain: The Secret History of the Sackler Dynasty,"work, large, able, numerous, sure, soft, real, bad, opioid, 1st,",https://www.amazon.com/Empire-Pain-History-Sackler-Dynasty/dp/0385545681/ref=sr_1_19?qid=1639355805&s=books&sr=1-19,Politics & Social Sciences,"Patrick Radden Keefe, ",https://m.media-amazon.com/images/I/71ToorJRl+L._AC_UY218_.jpg
0,historical,Vanderbilt: The Rise and Fall of an American Dynasty,"fascinating, personal, previous, second, numerous, gay, old, informative, helpful, natural,",https://www.amazon.com/Vanderbilt-Rise-Fall-American-Dynasty/dp/0062964615/ref=sr_1_27?qid=1639355508&s=books&sr=1-27,Biographies,"Anderson Cooper, Katherine Howe, ",https://m.media-amazon.com/images/I/81ur4nwZdBL._AC_UY218_.jpg
0,historical,Vanderbilt: The Rise and Fall of an American Dynasty,"fascinating, personal, previous, second, numerous, gay, old, helpful, informative, natural,",https://www.amazon.com/Vanderbilt-Rise-Fall-American-Dynasty/dp/0062964615/ref=sr_1_13?qid=1636072434&s=books&sr=1-13,Biographies,"Anderson Cooper, Katherine Howe, ",https://m.media-amazon.com/images/I/81ur4nwZdBL._AC_UY218_.jpg
0,historical,Vanderbilt: The Rise and Fall of an American Dynasty,"fascinating, personal, previous, second, numerous, gay, old, helpful, informative, natural,",https://www.amazon.com/Vanderbilt-Rise-Fall-American-Dynasty/dp/0062964615/ref=sr_1_4?qid=1636075088&s=books&sr=1-4,Business & Money,"Anderson Cooper, Katherine Howe, ",https://m.media-amazon.com/images/I/81ur4nwZdBL._AC_UY218_.jpg
0,historical,Vanderbilt: The Rise and Fall of an American Dynasty,"fascinating, personal, previous, second, numerous, gay, old, helpful, informative, natural,",https://www.amazon.com/Vanderbilt-Rise-Fall-American-Dynasty/dp/0062964615/ref=sr_1_7?qid=1636072788&s=books&sr=1-7,History,"Anderson Cooper, Katherine Howe, ",https://m.media-amazon.com/images/I/81ur4nwZdBL._AC_UY218_.jpg
0,historical,How the Word Is Passed: A Reckoning with the History of Slavery Across America,"poor, bad, motivated, long, big, rear, personal, sad, neurotic, ill,",https://www.amazon.com/How-Word-Passed-Reckoning-History/dp/0316492930/ref=sr_1_32?qid=1639355705&s=books&sr=1-32,History,"Clint Smith, ",https://m.media-amazon.com/images/I/81LjfGLDMEL._AC_UY218_.jpg
0,historical,"To Rescue the Republic: Ulysses S. Grant, the Fragile Union, and the Crisis of 1876","military, american, unnecessary, personal, political, absurd, late, nineteenth, real, inherent,",https://www.amazon.com/Rescue-Republic-Ulysses-Fragile-Crisis/dp/0063039540/ref=sr_1_17?qid=1639355805&s=books&sr=1-17,Politics & Social Sciences,"Bret Baier, ",https://m.media-amazon.com/images/I/81u8pA8kNEL._AC_UY218_.jpg
1,asian culture,The Korean Vegan Cookbook: Reflections and Recipes from Omma's Kitchen,"white, metric, asian, proud, special, ancestral, cringeworthy, evident, brown, good,",https://www.amazon.com/Korean-Vegan-Cookbook-Reflections-Recipes/dp/0593084276/ref=sr_1_20?qid=1639357009&s=books&sr=1-20,"Cookbooks, Food & Wine","Joanne Lee Molinaro, ",https://m.media-amazon.com/images/I/81XEhFQdMVL._AC_UY218_.jpg
1,asian culture,Caste (Oprah's Book Club): The Origins of Our Discontents,"racial, inherent, contemporary, political, balanced, protective, multiple, american, dominant, social,",https://www.amazon.com/Caste-Origins-Discontents-Isabel-Wilkerson/dp/0593230256/ref=sr_1_31?qid=1639355805&s=books&sr=1-31,Politics & Social Sciences,"Isabel Wilkerson, ",https://m.media-amazon.com/images/I/81MVfud0o8L._AC_UY218_.jpg
1,asian culture,Caste (Oprah's Book Club): The Origins of Our Discontents,"racial, inherent, contemporary, political, balanced, protective, multiple, american, dominant, social,",https://www.amazon.com/Caste-Origins-Discontents-Isabel-Wilkerson/dp/0593230256/ref=sr_1_23?qid=1639355705&s=books&sr=1-23,History,"Isabel Wilkerson, ",https://m.media-amazon.com/images/I/81MVfud0o8L._AC_UY218_.jpg
1,asian culture,The Korean Vegan Cookbook: Reflections and Recipes from Omma's Kitchen,"new, korean, able, impossible, disappointed, intact, bent, shabby,",https://www.amazon.com/Korean-Vegan-Cookbook-Reflections-Recipes/dp/0593084276/ref=sr_1_8?qid=1636074047&s=books&sr=1-8,"Cookbooks, Food & Wine","Joanne Lee Molinaro, ",https://m.media-amazon.com/images/I/81sphJyaRYL._AC_UY218_.jpg
1,asian culture,"Amazing Patterns: Adult Coloring Book, Stress Relieving Mandala Style Patterns","disappointed, great, thick, awesome, small, precise, clear, bold, dark, little,",https://www.amazon.com/Amazing-Patterns-Coloring-Relieving-Mandala/dp/B08HGTT1D7/ref=sr_1_12?qid=1636073620&s=books&sr=1-12,Travel,"Coloring Book Kim, ",https://m.media-amazon.com/images/I/81oBIyH-kBL._AC_UY218_.jpg
1,asian culture,"Amazing Patterns: Adult Coloring Book, Stress Relieving Mandala Style Patterns","disappointed, great, thick, awesome, small, precise, clear, bold, dark, little,",https://www.amazon.com/Amazing-Patterns-Coloring-Relieving-Mandala/dp/B08HGTT1D7/ref=sr_1_22?qid=1639356780&s=books&sr=1-22,Arts & Photography,"Coloring Book Kim, ",https://m.media-amazon.com/images/I/814OX2iTsXL._AC_UY218_.jpg
1,asian culture,People Love Dead Jews: Reports from a Haunted Present,"dead, remarkable, jewish, insightful, chinese, provocative, great, sarcastic, caustic, revealing,",https://www.amazon.com/People-Love-Dead-Jews-Reports/dp/0393531562/ref=sr_1_7?qid=1636075614&qsid=146-2930825-2310558&s=books&sr=1-7&sres=0140280197%2C0358574315%2C0989081532%2C0525657746%2C0316551309%2C081298496X%2C0393531562%2C194564009X%2C0143118757%2C1541736699%2C1631494538%2C0767914171%2C0578666154%2C1524763136%2C0593196651%2C1565842715,Law,"Dara Horn, ",https://m.media-amazon.com/images/I/61KjYL7uFXS._AC_UY218_.jpg
1,asian culture,"The Body Keeps the Score: Brain, Mind, and Body in the Healing of Trauma","sexual, individual, vietnamese, clinical, central, interested, concerned, poor, real, psychological,",https://www.amazon.com/Body-Keeps-Score-Healing-Trauma/dp/0143127748/ref=sr_1_3?qid=1636074296&s=books&sr=1-3,"Health, Fitness & Dieting","Bessel van der Kolk M.D., ",https://m.media-amazon.com/images/I/61NdJMwAThS._AC_UY218_.jpg
1,asian culture,"The Body Keeps the Score: Brain, Mind, and Body in the Healing of Trauma","sexual, individual, vietnamese, clinical, central, interested, concerned, poor, real, psychological,",https://www.amazon.com/Body-Keeps-Score-Healing-Trauma/dp/0143127748/ref=sr_1_2?qid=1636075001&s=books&sr=1-2,Medical Books,"Bessel van der Kolk M.D., ",https://m.media-amazon.com/images/I/61NdJMwAThS._AC_UY218_.jpg
1,asian culture,"The Body Keeps the Score: Brain, Mind, and Body in the Healing of Trauma","sexual, individual, vietnamese, clinical, central, interested, concerned, poor, real, psychological,",https://www.amazon.com/Body-Keeps-Score-Healing-Trauma/dp/0143127748/ref=sr_1_3?qid=1636074194&s=books&sr=1-3,Science & Math,"Bessel van der Kolk M.D., ",https://m.media-amazon.com/images/I/61NdJMwAThS._AC_UY218_.jpg
2,long story,"The Forever Dog: Surprising New Science to Help Your Canine Companion Live Younger, Healthier, and Longer","covid, tiny, environmental, interesting, glad, kibble, similar, surprising, new, short,",https://www.amazon.com/Forever-Dog-Surprising-Companion-Healthier/dp/0063002604/ref=sr_1_1?qid=1636073537&qsid=146-0086128-2410872&s=books&sr=1-1&sres=0063002604%2C0692927999%2C1647224098%2C1523515279%2C0593184106%2C1940352649%2C1250181909%2C1465449817%2C1523506148%2C0143131664%2C152486398X%2CB08YHVXNK9%2C1999896963%2C1523512806%2C1984823914%2C0762462876,"Crafts, Hobbies & Home","Karen Shaw Becker, Rodney Habib, ",https://m.media-amazon.com/images/I/819uUyThAGL._AC_UY218_.jpg
2,long story,"Interesting Stories for Curious Kids: A Fascinating Collection of the Most Interesting, Unbelievable, and Craziest Stories on Earth!","terrible, curious, lame, fake, long, repetitive, grammatical, careful, great, old,",https://www.amazon.com/Interesting-Stories-Curious-Kids-Unbelievable/dp/1648450814/ref=sr_1_22?qid=1639355994&s=books&sr=1-22,Humor & Entertainment,"Bill O'Neill, ",https://m.media-amazon.com/images/I/71kzBHe1noL._AC_UY218_.jpg
2,long story,All of the Marvels: A Journey to the Ends of the Biggest Story Ever Told,"good, white, right, bad, early, true, 21st, personal, major, aged,",https://www.amazon.com/All-Marvels-Journey-Biggest-Story/dp/0735222169/ref=sr_1_32?qid=1639356870&s=books&sr=1-32,Comics & Graphic Novels,"Douglas Wolk, ",https://m.media-amazon.com/images/I/71B5JhniaLS._AC_UY218_.jpg
2,long story,Endurance: Shackleton's Incredible Voyage,"long, dull, great, incredible, slow, short, high, hopeless, old, second,",https://www.amazon.com/Endurance-Shackletons-Incredible-Alfred-Lansing/dp/0465062881/ref=sr_1_26?qid=1639356130&s=books&sr=1-26,Engineering & Transportation,"Alfred Lansing, ",https://m.media-amazon.com/images/I/5172dBvaxAL._AC_UY218_.jpg
2,long story,The Storyteller: Tales of Life and Music,"little, terrible, huge, gifted, authentic, generous, sure, well, verbal, ho,",https://www.amazon.com/Storyteller-Tales-Life-Music/dp/B091WVM1JD/ref=sr_1_3?qid=1636073806&qsid=134-0882868-5928735&s=books&sr=1-3&sres=163149256X%2C0762499508%2C0063076098%2C1250765781%2C125083239X%2C1419732447%2C1510765549%2C0593577922%2C0935112960%2C0063090023%2C080241270X%2C0545231493%2C0692927999%2C1984877925%2C030692370X%2C1647224098,Arts & Photography,"Dave Grohl, ",https://m.media-amazon.com/images/I/81X5gR504zL._AC_UY218_.jpg
2,long story,The Storyteller: Tales of Life and Music,"little, terrible, huge, gifted, authentic, generous, sure, well, verbal, ho,",https://www.amazon.com/Storyteller-Tales-Life-Music/dp/B091WVM1JD/ref=sr_1_3?qid=1636073234&s=books&sr=1-3,Humor & Entertainment,"Dave Grohl, ",https://m.media-amazon.com/images/I/81X5gR504zL._AC_UY218_.jpg
2,long story,The Storyteller: Tales of Life and Music,"little, terrible, huge, gifted, authentic, generous, sure, well, verbal, ho,",https://www.amazon.com/Storyteller-Tales-Life-Music/dp/B091WVM1JD/ref=sr_1_2?qid=1636072434&s=books&sr=1-2,Biographies,"Dave Grohl, ",https://m.media-amazon.com/images/I/81X5gR504zL._AC_UY218_.jpg
2,long story,"You are an Amazing Girl: A Collection of Inspiring Stories about Courage, Friendship, Inner Strength and Self-Confidence","bad, appalling, thin, bent, little, emotional, able, young, misogynistic, nice,",https://www.amazon.com/You-are-Amazing-Girl-Self-Confidence/dp/B09LB1QFP6/ref=sr_1_22?qid=1639357431&s=books&sr=1-22,Religion & Spirituality,"Nadia Ross, Special Art Stories, ",https://m.media-amazon.com/images/I/716+LlpqjoL._AC_UY218_.jpg
2,long story,"Mom, I Want to Hear Your Story: A Mother’s Guided Journal To Share Her Life & Her Love (Hear Your Story Books)","good, bad, alright, young, close, sorry, severe, dead, proud, happy,",https://www.amazon.com/Mom-Want-Hear-Your-Story/dp/1081439793/ref=sr_1_29?qid=1639355894&s=books&sr=1-29,Parenting & Relationships,"Jeffrey Mason, ",https://m.media-amazon.com/images/I/71dtXoAho2L._AC_UY218_.jpg
2,long story,The Secret History,"entire, exciting, likable, bad, slow, old, annoying, boring, possible, describe,",https://www.amazon.com/Secret-History-Donna-Tartt/dp/1400031702/ref=sr_1_23?qid=1639358282&s=books&sr=1-23,"Mystery, Thriller & Suspense","Donna Tartt, ",https://m.media-amazon.com/images/I/91EWBiFTnGL._AC_UY218_.jpg
3,mystery story,"Interesting Stories for Curious Kids: A Fascinating Collection of the Most Interesting, Unbelievable, and Craziest Stories on Earth!","terrible, curious, lame, fake, long, repetitive, grammatical, careful, great, old,",https://www.amazon.com/Interesting-Stories-Curious-Kids-Unbelievable/dp/1648450814/ref=sr_1_22?qid=1639355994&s=books&sr=1-22,Humor & Entertainment,"Bill O'Neill, ",https://m.media-amazon.com/images/I/71kzBHe1noL._AC_UY218_.jpg
3,mystery story,The Man Who Died Twice: A Thursday Murder Club Mystery,"intellectual, little, cozy, long, easy, interested, foreign, bad, short, senior,",https://www.amazon.com/Man-Who-Died-Twice-Thursday/dp/1984880993/ref=sr_1_17?qid=1639358282&s=books&sr=1-17,"Mystery, Thriller & Suspense","Richard Osman, ",https://m.media-amazon.com/images/I/71iwl5n1iEL._AC_UY218_.jpg
3,mystery story,The Book of Unusual Knowledge,"different, thin, unusual, true, positive, incomplete, uninteresting, dramatic, shocking, colorful,",https://www.amazon.com/Unusual-Knowledge-Editors-Publications-International/dp/1450845800/ref=sr_1_1?qid=1636073317&qsid=139-3550215-9846745&s=books&sr=1-1&sres=1450845800%2C059342039X%2C1284194531%2C1119784174%2C0802738036%2C0976626608%2C0310750628%2C1644250934%2C149267043X%2C1119387507%2C0486832945%2C1455922978%2C1640308431%2C1546012591%2C151865472X%2C1602399840,Engineering & Transportation,"Publications International Ltd., ",https://m.media-amazon.com/images/I/71WC3z4Wt0L._AC_UY218_.jpg
3,mystery story,"Murder Most Puzzling: 20 Mysterious Cases to Solve (Murder Mystery Game, Adult Board Games, Mystery Games for Adults)","difficult, worth, good, hidden, realistic, common, familiar, specific, single, egyptian,",https://www.amazon.com/Murder-Most-Puzzling-Mysterious-Cases/dp/1452171602/ref=sr_1_31?qid=1639358282&s=books&sr=1-31,"Mystery, Thriller & Suspense","Stephanie von Reiswitz, ",https://m.media-amazon.com/images/I/91BLYNjIBwL._AC_UY218_.jpg
3,mystery story,The Stranger in the Lifeboat: A Novel,"skeptical,",https://www.amazon.com/Stranger-Lifeboat-Novel-Mitch-Albom/dp/006288834X/ref=sr_1_4?qid=1636072681&qsid=140-8072226-5087463&s=books&sr=1-4&sres=0735222355%2C0786967293%2C0385546025%2C006288834X%2C1501110365%2C198217367X%2C1101885688%2C1538728621%2C1982168439%2C1250220254%2C1501171348%2C1501161938%2C1984818503%2C198215487X%2C0593160290%2C1684512719,Literature & Fiction,"Mitch Albom, ",https://m.media-amazon.com/images/I/71rDThWVwES._AC_UY218_.jpg
3,mystery story,The Stranger in the Lifeboat: A Novel,"skeptical,",https://www.amazon.com/Stranger-Lifeboat-Novel-Mitch-Albom/dp/006288834X/ref=sr_1_1?qid=1636074427&qsid=134-7630899-3105159&s=books&sr=1-1&sres=006288834X%2C1878424319%2C0063080281%2C1684512719%2C1250784093%2C080241270X%2C078522419X%2C0736985204%2C0593299213%2C1400215587%2C1984801252%2C0593239199%2C1945796065%2C0062894471%2C1585429139%2C0063046644,Religion & Spirituality,"Mitch Albom, ",https://m.media-amazon.com/images/I/71rDThWVwES._AC_UY218_.jpg
3,mystery story,The Storyteller: Tales of Life and Music,"little, terrible, huge, gifted, authentic, generous, sure, well, verbal, ho,",https://www.amazon.com/Storyteller-Tales-Life-Music/dp/B091WVM1JD/ref=sr_1_3?qid=1636073234&s=books&sr=1-3,Humor & Entertainment,"Dave Grohl, ",https://m.media-amazon.com/images/I/81X5gR504zL._AC_UY218_.jpg
3,mystery story,The Storyteller: Tales of Life and Music,"little, terrible, huge, gifted, authentic, generous, sure, well, verbal, ho,",https://www.amazon.com/Storyteller-Tales-Life-Music/dp/B091WVM1JD/ref=sr_1_2?qid=1636072434&s=books&sr=1-2,Biographies,"Dave Grohl, ",https://m.media-amazon.com/images/I/81X5gR504zL._AC_UY218_.jpg
3,mystery story,The Storyteller: Tales of Life and Music,"little, terrible, huge, gifted, authentic, generous, sure, well, verbal, ho,",https://www.amazon.com/Storyteller-Tales-Life-Music/dp/B091WVM1JD/ref=sr_1_3?qid=1636073806&qsid=134-0882868-5928735&s=books&sr=1-3&sres=163149256X%2C0762499508%2C0063076098%2C1250765781%2C125083239X%2C1419732447%2C1510765549%2C0593577922%2C0935112960%2C0063090023%2C080241270X%2C0545231493%2C0692927999%2C1984877925%2C030692370X%2C1647224098,Arts & Photography,"Dave Grohl, ",https://m.media-amazon.com/images/I/81X5gR504zL._AC_UY218_.jpg
3,mystery story,The Spy and the Traitor: The Greatest Espionage Story of the Cold War,"beautiful, secret, easy, horrible, absurd, new, good, overwhelming, extraneous, trivial,",https://www.amazon.com/Spy-Traitor-Greatest-Espionage-Story/dp/1101904216/ref=sr_1_27?qid=1639355705&s=books&sr=1-27,History,"Ben Macintyre, ",https://m.media-amazon.com/images/I/A1+ZZtoikDL._AC_UY218_.jpg
4,children education,"Raising Good Humans: A Mindful Guide to Breaking the Cycle of Reactive Parenting and Raising Kind, Confident Kids","good, practical, young, inexperienced, experienced, special, intuitive, specific, challenging, onboard,",https://www.amazon.com/Raising-Good-Humans-Parenting-Confident/dp/B08FW8M7WG/ref=sr_1_14?qid=1636073138&qsid=137-6033949-7416027&s=books&sr=1-14&sres=1612680178%2C080241270X%2C0692927999%2C0761187480%2C1250223180%2C1585429139%2C1400226759%2C0894864025%2C0553386697%2C1626251703%2C0671631985%2C0593192095%2C1617750255%2C1684033888%2C164152166X%2C0553447718,Parenting & Relationships,"Hunter Clarke-Fields MSAE, ",https://m.media-amazon.com/images/I/81mCI-Q1UPL._AC_UY218_.jpg
4,children education,"Raising Good Humans: A Mindful Guide to Breaking the Cycle of Reactive Parenting and Raising Kind, Confident Kids","good, practical, young, inexperienced, experienced, special, intuitive, specific, challenging, onboard,",https://www.amazon.com/Raising-Good-Humans-Parenting-Confident/dp/B08FW8M7WG/ref=sr_1_16?qid=1636075001&s=books&sr=1-16,Medical Books,"Hunter Clarke-Fields MSAE, ",https://m.media-amazon.com/images/I/81mCI-Q1UPL._AC_UY218_.jpg
4,children education,"Raising Good Humans: A Mindful Guide to Breaking the Cycle of Reactive Parenting and Raising Kind, Confident Kids","good, practical, young, inexperienced, experienced, special, intuitive, specific, challenging, onboard,",https://www.amazon.com/Raising-Good-Humans-Parenting-Confident/dp/B08FW8M7WG/ref=sr_1_26?qid=1639358031&s=books&sr=1-26,Medical Books,"Hunter Clarke-Fields MSAE, ",https://m.media-amazon.com/images/I/81mCI-Q1UPL._AC_UY218_.jpg
4,children education,Teach Your Child to Read in 100 Easy Lessons,"verbal, mean, funny, weird, odd, good, silent, worth, active, glossy,",https://www.amazon.com/Teach-Your-Child-Read-Lessons/dp/0671631985/ref=sr_1_12?qid=1636074368&qsid=134-2432980-7313567&s=books&sr=1-12&sres=1641526270%2C0545231493%2C1338233580%2C1119787343%2C0323358411%2C1951287134%2C1686456964%2C9388369882%2CB08XLLF3PG%2C031075013X%2C1457312190%2C0671631985%2C0310708257%2C0525570446%2C1506266258%2C0545231515,Education & Teaching,"Siegfried Engelmann, Phyllis Haddox, ",https://m.media-amazon.com/images/I/719ImsycmSL._AC_UY218_.jpg
4,children education,Teach Your Child to Read in 100 Easy Lessons,"verbal, mean, funny, weird, odd, good, silent, worth, active, glossy,",https://www.amazon.com/Teach-Your-Child-Read-Lessons/dp/0671631985/ref=sr_1_11?qid=1636073138&qsid=137-6033949-7416027&s=books&sr=1-11&sres=1612680178%2C080241270X%2C0692927999%2C0761187480%2C1250223180%2C1585429139%2C1400226759%2C0894864025%2C0553386697%2C1626251703%2C0671631985%2C0593192095%2C1617750255%2C1684033888%2C164152166X%2C0553447718,Parenting & Relationships,"Siegfried Engelmann, Phyllis Haddox, ",https://m.media-amazon.com/images/I/719ImsycmSL._AC_UY218_.jpg
4,children education,Teach Your Child to Read in 100 Easy Lessons,"verbal, mean, funny, weird, odd, good, silent, worth, active, complicated,",https://www.amazon.com/Teach-Your-Child-Read-Lessons/dp/0671631985/ref=sr_1_32?qid=1639355894&s=books&sr=1-32,Parenting & Relationships,"Siegfried Engelmann, Phyllis Haddox, ",https://m.media-amazon.com/images/I/719ImsycmSL._AC_UY218_.jpg
4,children education,Teach Your Child to Read in 100 Easy Lessons,"verbal, mean, funny, weird, odd, good, silent, worth, active, complicated,",https://www.amazon.com/Teach-Your-Child-Read-Lessons/dp/0671631985/ref=sr_1_24?qid=1639357337&s=books&sr=1-24,Education & Teaching,"Siegfried Engelmann, Phyllis Haddox, ",https://m.media-amazon.com/images/I/719ImsycmSL._AC_UY218_.jpg
4,children education,The Beginner's Bible: Timeless Children's Stories,"inaccurate, blonde, good, previous, glossy, precious, early, wrong, accurate, brown,",https://www.amazon.com/Beginners-Bible-Timeless-Childrens-Stories/dp/031075013X/ref=sr_1_10?qid=1636074368&qsid=134-2432980-7313567&s=books&sr=1-10&sres=1641526270%2C0545231493%2C1338233580%2C1119787343%2C0323358411%2C1951287134%2C1686456964%2C9388369882%2CB08XLLF3PG%2C031075013X%2C1457312190%2C0671631985%2C0310708257%2C0525570446%2C1506266258%2C0545231515,Education & Teaching,"The Beginner's Bible, ",https://m.media-amazon.com/images/I/51e15NbxF0L._AC_UY218_.jpg
4,children education,"The Drawing Book for Kids: 365 Daily Things to Draw, Step by Step (Woo! Jr. Kids Activities Books)","hard, different, little, ok, basic, bored, extra, current, previous, particular,",https://www.amazon.com/Drawing-Book-Kids-Things-Activities/dp/0997799374/ref=sr_1_26?qid=1639356780&s=books&sr=1-26,Arts & Photography,"Woo! Jr. Kids Activities, ",https://m.media-amazon.com/images/I/91ItoXSgQ1L._AC_UY218_.jpg
4,children education,"The Drawing Book for Kids: 365 Daily Things to Draw, Step by Step (Woo! Jr. Kids Activities Books)","hard, different, little, ok, basic, bored, extra, current, previous, particular,",https://www.amazon.com/Drawing-Book-Kids-Things-Activities/dp/0997799374/ref=sr_1_11?qid=1636073928&s=books&sr=1-11,Comics & Graphic Novels,"Woo! Jr. Kids Activities, ",https://m.media-amazon.com/images/I/91ItoXSgQ1L._AC_UY218_.jpg
5,artificial intelligence,The Age of AI: And Our Human Future,"interesting, human, concrete, national, religious, ordinary, near, powerful, brief, lethal,",https://www.amazon.com/Age-I-Our-Human-Future/dp/0316273805/ref=sr_1_20?qid=1639356662&s=books&sr=1-20,Computers & Technology,"Eric Schmidt, Henry A Kissinger, ",https://m.media-amazon.com/images/I/61-nVXl616L._AC_UY218_.jpg
5,artificial intelligence,AI 2041: Ten Visions for Our Future,"good, optimistic, pre, big, short, specific, new, futuristic, subversive, fake,",https://www.amazon.com/AI-2041-Ten-Visions-Future/dp/B08SFL53HL/ref=sr_1_16?qid=1636073710&qsid=130-2120969-7777240&s=books&sr=1-16&sres=0984782850%2C1591846447%2C0545231515%2C1119473861%2C1449373321%2C1441303251%2C197472591X%2C1593279280%2C1683833988%2C1260454037%2C1542023343%2C1647225116%2C0578973839%2C0593087747%2C1119790026%2C059323829X,Computers & Technology,"Kai-Fu Lee, ",https://m.media-amazon.com/images/I/61GA1fTwZFL._AC_UY218_.jpg
5,artificial intelligence,"Thinking, Fast and Slow","audio, common, little, angry, hard, tedious, interactive, non, dark, wrong,",https://www.amazon.com/Thinking-Fast-Slow-Daniel-Kahneman/dp/0374533555/ref=sr_1_22?qid=1639358116&s=books&sr=1-22,Business & Money,"Daniel Kahneman, ",https://m.media-amazon.com/images/I/61fdrEuPJwL._AC_UY218_.jpg
5,artificial intelligence,"Thinking, Fast and Slow","audio, common, little, angry, hard, tedious, interactive, non, dark, wrong,",https://www.amazon.com/Thinking-Fast-Slow-Daniel-Kahneman/dp/0374533555/ref=sr_1_29?qid=1639357108&s=books&sr=1-29,Science & Math,"Daniel Kahneman, ",https://m.media-amazon.com/images/I/61fdrEuPJwL._AC_UY218_.jpg
5,artificial intelligence,1984,"philosophical, personal, old, smart, natural, questionable, certain, powerful, interesting, well,",https://www.amazon.com/1984-Signet-Classics-George-Orwell/dp/0451524934/ref=sr_1_12?qid=1636075203&qsid=136-8344726-0084920&s=books&sr=1-12&sres=0441013597%2C0786967293%2C1101885688%2CB07WDM3D5T%2C0525559477%2C0786965606%2C0062315005%2C1451673310%2C0593135202%2C0786966629%2C0786967021%2C0451524934%2C0061992887%2C0593098242%2C0765387565%2C0786965622,Science Fiction & Fantasy,"George Orwell, ",https://m.media-amazon.com/images/I/91Q56n9K99L._AC_UY218_.jpg
5,artificial intelligence,1984,"philosophical, personal, old, smart, natural, questionable, certain, powerful, interesting, high,",https://www.amazon.com/1984-Signet-Classics-George-Orwell/dp/0451524934/ref=sr_1_28?qid=1639358205&s=books&sr=1-28,Science Fiction & Fantasy,"George Orwell, ",https://m.media-amazon.com/images/I/91Q56n9K99L._AC_UY218_.jpg
5,artificial intelligence,Think Again: The Power of Knowing What You Don't Know,"interesting, appropriate, helpful, new, open, old, absolute, unworthy, little, certain,",https://www.amazon.com/Think-Again-Power-Knowing-What/dp/1984878107/ref=sr_1_21?qid=1639357921&s=books&sr=1-21,Self-Help,"Adam Grant, ",https://m.media-amazon.com/images/I/71K+FclxRdL._AC_UY218_.jpg
5,artificial intelligence,"Peak Mind: Find Your Focus, Own Your Attention, Invest 12 Minutes a Day","little, worth, total, helpful, coherent,",https://www.amazon.com/Peak-Mind-Attention-Invest-Minutes/dp/B08V5KFRM5/ref=sr_1_12?qid=1636075088&s=books&sr=1-12,Business & Money,"Amishi P. Jha, ",https://m.media-amazon.com/images/I/716nrtK5LPL._AC_UY218_.jpg
5,artificial intelligence,"Peak Mind: Find Your Focus, Own Your Attention, Invest 12 Minutes a Day","little, worth, total, helpful, coherent,",https://www.amazon.com/Peak-Mind-Attention-Invest-Minutes/dp/B08V5KFRM5/ref=sr_1_13?qid=1636074194&s=books&sr=1-13,Science & Math,"Amishi P. Jha, ",https://m.media-amazon.com/images/I/716nrtK5LPL._AC_UY218_.jpg
5,artificial intelligence,The LSAT Trainer: A Remarkable Self-Study Guide For The Self-Driven Student,"hard, technical, open, logical, difficult, easy, certain, wrong, well, inconsistent,",https://www.amazon.com/LSAT-Trainer-Remarkable-Self-Study-Self-Driven/dp/0989081532/ref=sr_1_3?qid=1636075614&qsid=146-2930825-2310558&s=books&sr=1-3&sres=0140280197%2C0358574315%2C0989081532%2C0525657746%2C0316551309%2C081298496X%2C0393531562%2C194564009X%2C0143118757%2C1541736699%2C1631494538%2C0767914171%2C0578666154%2C1524763136%2C0593196651%2C1565842715,Law,"Mike Kim, ",https://m.media-amazon.com/images/I/61cc6p+agIL._AC_UY218_.jpg
6,success story,Twelve and a Half: Leveraging the Emotional Ingredients Necessary for Business Success,"social, real, worth, good, audio, ordered, high, great, advanced, sorry,",https://www.amazon.com/Twelve-Half-Leveraging-Emotional-Necessary/dp/B08PHBJ4MM/ref=sr_1_24?qid=1639356662&s=books&sr=1-24,Computers & Technology,"Gary Vaynerchuk, ",https://m.media-amazon.com/images/I/81+ME70CgfL._AC_UY218_.jpg
6,success story,Play Nice But Win: A CEO's Journey from Founder to Leader,"worth, tragic, audible, useful, congratulatory, technical, private, boring, shameful, willing,",https://www.amazon.com/Play-Nice-But-Win-Journey/dp/0593087747/ref=sr_1_14?qid=1636073710&qsid=130-2120969-7777240&s=books&sr=1-14&sres=0984782850%2C1591846447%2C0545231515%2C1119473861%2C1449373321%2C1441303251%2C197472591X%2C1593279280%2C1683833988%2C1260454037%2C1542023343%2C1647225116%2C0578973839%2C0593087747%2C1119790026%2C059323829X,Computers & Technology,"Michael Dell, ",https://m.media-amazon.com/images/I/81ZK6dMZ5WS._AC_UY218_.jpg
6,success story,"You are an Amazing Girl: A Collection of Inspiring Stories about Courage, Friendship, Inner Strength and Self-Confidence","bad, appalling, thin, bent, little, emotional, able, young, misogynistic, nice,",https://www.amazon.com/You-are-Amazing-Girl-Self-Confidence/dp/B09LB1QFP6/ref=sr_1_22?qid=1639357431&s=books&sr=1-22,Religion & Spirituality,"Nadia Ross, Special Art Stories, ",https://m.media-amazon.com/images/I/716+LlpqjoL._AC_UY218_.jpg
6,success story,Zero Fail: The Rise and Fall of the Secret Service,"little, accepted, true, special, historical, anecdotal, shocking, national, well, significant,",https://www.amazon.com/Zero-Fail-Rise-Secret-Service/dp/0399589015/ref=sr_1_24?qid=1639358583&s=books&sr=1-24,Law,"Carol Leonnig, ",https://m.media-amazon.com/images/I/81NdWmk6aUL._AC_UY218_.jpg
6,success story,Inspired: How to Create Tech Products Customers Love (Silicon Valley Product Group),"great, important, topic, different, big, valuable, worthwhile, well, little, actual,",https://www.amazon.com/INSPIRED-Create-Tech-Products-Customers/dp/1119387507/ref=sr_1_10?qid=1636073317&qsid=139-3550215-9846745&s=books&sr=1-10&sres=1450845800%2C059342039X%2C1284194531%2C1119784174%2C0802738036%2C0976626608%2C0310750628%2C1644250934%2C149267043X%2C1119387507%2C0486832945%2C1455922978%2C1640308431%2C1546012591%2C151865472X%2C1602399840,Engineering & Transportation,"Marty Cagan, ",https://m.media-amazon.com/images/I/31kCXfXO46L._AC_UY218_.jpg
6,success story,"What Happened to You?: Conversations on Trauma, Resilience, and Healing","valuable, light, easy, sure, green, scientific, hopeful, mental, actual, inspiring,",https://www.amazon.com/What-Happened-You-Conversations-Resilience/dp/B08PW4Q284/ref=sr_1_13?qid=1636074296&s=books&sr=1-13,"Health, Fitness & Dieting","Oprah Winfrey, ",https://m.media-amazon.com/images/I/71SA93Fr4vL._AC_UY218_.jpg
6,success story,"What Happened to You?: Conversations on Trauma, Resilience, and Healing","valuable, light, easy, sure, green, scientific, hopeful, mental, actual, inspiring,",https://www.amazon.com/What-Happened-You-Conversations-Resilience/dp/B08PW4Q284/ref=sr_1_16?qid=1636074915&qsid=130-6531144-8006423&s=books&sr=1-16&sres=0735211299%2C125083239X%2C1982195444%2C0062976583%2C1878424319%2C0140280197%2C0593329910%2C0063080281%2C1949759229%2C1401962122%2C1250784093%2C0062457713%2C1501194801%2C080241270X%2C1984877925%2C1250223180,Self-Help,"Oprah Winfrey, ",https://m.media-amazon.com/images/I/71SA93Fr4vL._AC_UY218_.jpg
6,success story,"What Happened to You?: Conversations on Trauma, Resilience, and Healing","valuable, light, easy, sure, green, scientific, hopeful, mental, actual, inspiring,",https://www.amazon.com/What-Happened-You-Conversations-Resilience/dp/B08PW4Q284/ref=sr_1_18?qid=1639357921&s=books&sr=1-18,Self-Help,"Oprah Winfrey, ",https://m.media-amazon.com/images/I/71SA93Fr4vL._AC_UY218_.jpg
6,success story,"What Happened to You?: Conversations on Trauma, Resilience, and Healing","valuable, light, easy, sure, green, scientific, hopeful, mental, actual, inspiring,",https://www.amazon.com/What-Happened-You-Conversations-Resilience/dp/B08PW4Q284/ref=sr_1_5?qid=1636073138&qsid=137-6033949-7416027&s=books&sr=1-5&sres=1612680178%2C080241270X%2C0692927999%2C0761187480%2C1250223180%2C1585429139%2C1400226759%2C0894864025%2C0553386697%2C1626251703%2C0671631985%2C0593192095%2C1617750255%2C1684033888%2C164152166X%2C0553447718,Parenting & Relationships,"Oprah Winfrey, ",https://m.media-amazon.com/images/I/71SA93Fr4vL._AC_UY218_.jpg
6,success story,"Mom, I Want to Hear Your Story: A Mother’s Guided Journal To Share Her Life & Her Love (Hear Your Story Books)","good, bad, alright, young, close, sorry, severe, dead, proud, happy,",https://www.amazon.com/Mom-Want-Hear-Your-Story/dp/1081439793/ref=sr_1_29?qid=1639355894&s=books&sr=1-29,Parenting & Relationships,"Jeffrey Mason, ",https://m.media-amazon.com/images/I/71dtXoAho2L._AC_UY218_.jpg
7,math textbook,"Princeton Review SAT Premium Prep, 2022: 9 Practice Tests + Review & Techniques + Online Tools (2021) (College Test Preparation)","basic, tear, extra, nice, downloadable, well, good,",https://www.amazon.com/Princeton-Review-Premium-Prep-2022/dp/0525570446/ref=sr_1_14?qid=1636074368&qsid=134-2432980-7313567&s=books&sr=1-14&sres=1641526270%2C0545231493%2C1338233580%2C1119787343%2C0323358411%2C1951287134%2C1686456964%2C9388369882%2CB08XLLF3PG%2C031075013X%2C1457312190%2C0671631985%2C0310708257%2C0525570446%2C1506266258%2C0545231515,Education & Teaching,"The Princeton Review, ",https://m.media-amazon.com/images/I/A1pQvBWsWOL._AC_UY218_.jpg
7,math textbook,"Princeton Review SAT Premium Prep, 2022: 9 Practice Tests + Review & Techniques + Online Tools (2021) (College Test Preparation)","actual, official, basic, tear, extra, nice, downloadable, well, good,",https://www.amazon.com/Princeton-Review-Premium-Prep-2022/dp/0525570446/ref=sr_1_18?qid=1639357337&s=books&sr=1-18,Education & Teaching,"The Princeton Review, ",https://m.media-amazon.com/images/I/91LoPsA9ddL._AC_UY218_.jpg
7,math textbook,"Sketch Book: Notebook for Drawing, Writing, Painting, Sketching or Doodling, 120 Pages, 8.5x11 (Premium Abstract Cover vol.4)","old, bad, flimsy, professional, good, cheap, sketch, smooth, white, black,",https://www.amazon.com/Sketch-Book-Notebook-Painting-Sketching/dp/1082823961/ref=sr_1_20?qid=1639356780&s=books&sr=1-20,Arts & Photography,"Spark Drawing, ",https://m.media-amazon.com/images/I/91pNF8lDShL._AC_UY218_.jpg
7,math textbook,Official SAT Study Guide 2020 Edition,"actual, reverse, easy, additional, important, aware, diagnostic, little, worth, useful,",https://www.amazon.com/Official-SAT-Study-Guide-2020/dp/1457312190/ref=sr_1_11?qid=1636074368&qsid=134-2432980-7313567&s=books&sr=1-11&sres=1641526270%2C0545231493%2C1338233580%2C1119787343%2C0323358411%2C1951287134%2C1686456964%2C9388369882%2CB08XLLF3PG%2C031075013X%2C1457312190%2C0671631985%2C0310708257%2C0525570446%2C1506266258%2C0545231515,Education & Teaching,"The College Board, ",https://m.media-amazon.com/images/I/81LECagik5L._AC_UY218_.jpg
7,math textbook,Official SAT Study Guide 2020 Edition,"actual, reverse, easy, additional, important, aware, diagnostic, little, worth, useful,",https://www.amazon.com/Official-SAT-Study-Guide-2020/dp/1457312190/ref=sr_1_12?qid=1636074832&qsid=140-8015291-3406335&s=books&sr=1-12&sres=0545162076%2C0593201884%2C1119787343%2C1524714682%2C0060935464%2C014240733X%2C1426307748%2C0399501487%2C0062457802%2C1416936475%2C059035342X%2C1457312190%2C125019623X%2C1524771031%2C0544336267%2C1635575567,Teen & Young Adult Books,"The College Board, ",https://m.media-amazon.com/images/I/81LECagik5L._AC_UY218_.jpg
7,math textbook,Strixhaven: Curriculum of Chaos (D&D/MTG Adventure Book) (Dungeons & Dragons),"magical, new, decent, general, little, divine, nonreligious, normal, good, stat,",https://www.amazon.com/Strixhaven-Curriculum-Adventure-Dungeons-Dragons/dp/0786967447/ref=sr_1_24?qid=1639355610&s=books&sr=1-24,Literature & Fiction,"Wizards RPG Team, ",https://m.media-amazon.com/images/I/91HQFCH+gxL._AC_UY218_.jpg
7,math textbook,The Crystal Bible (The Crystal Bible Series),"definitive, unorganized, big, specific, basic, scientific, real, historical, dear, thie,",https://www.amazon.com/Crystal-Bible-Judy-Hall/dp/1582972400/ref=sr_1_19?qid=1639357216&s=books&sr=1-19,"Health, Fitness & Dieting","Judy Hall, ",https://m.media-amazon.com/images/I/71xnybWKFgL._AC_UY218_.jpg
7,math textbook,The Crystal Bible (The Crystal Bible Series),"definitive, unorganized, big, specific, basic, scientific, real, historical, dear, thie,",https://www.amazon.com/Crystal-Bible-Judy-Hall/dp/1582972400/ref=sr_1_24?qid=1639357921&s=books&sr=1-24,Self-Help,"Judy Hall, ",https://m.media-amazon.com/images/I/71xnybWKFgL._AC_UY218_.jpg
7,math textbook,The Crystal Bible (The Crystal Bible Series),"definitive, unorganized, big, specific, basic, scientific, real, historical, dear, thie,",https://www.amazon.com/Crystal-Bible-Judy-Hall/dp/1582972400/ref=sr_1_19?qid=1639355508&s=books&sr=1-19,Biographies,"Judy Hall, ",https://m.media-amazon.com/images/I/71xnybWKFgL._AC_UY218_.jpg
7,math textbook,"The Official SAT Study Guide, 2020 Edition","actual, reverse, easy, additional, important, aware, diagnostic, little, worth, useful,",https://www.amazon.com/Official-SAT-Study-Guide-2020/dp/1457312190/ref=sr_1_26?qid=1639357337&s=books&sr=1-26,Education & Teaching,"The College Board, ",https://m.media-amazon.com/images/I/81LECagik5L._AC_UY218_.jpg
8,geographic,"National Geographic Road Atlas 2021: Adventure Edition [United States, Canada, Mexico]","durable, entire, big, great, little, national, good, comprehensive, impressed, large,",https://www.amazon.com/National-Geographic-Road-Atlas-Adventure/dp/0792289897/ref=sr_1_5?qid=1636073620&s=books&sr=1-5,Travel,"National Geographic Maps, ",https://m.media-amazon.com/images/I/71CNhg-q3FL._AC_UY218_.jpg
8,geographic,"National Geographic Road Atlas 2021: Adventure Edition [United States, Canada, Mexico]","durable, entire, big, great, little, national, good, comprehensive, impressed, large,",https://www.amazon.com/National-Geographic-Road-Atlas-Adventure/dp/0792289897/ref=sr_1_9?qid=1636073414&qsid=140-7377259-4878236&s=books&sr=1-9&sres=163758038X%2C1523502193%2C1982180587%2C0593232445%2C1101984694%2C1631498231%2C0785292012%2C0399590072%2C0792289897%2C0735213615%2C0394519922%2C1440579776%2CB08NS7PGY1%2C0374201234%2C1984859501%2C1982158565,Sports & Outdoors,"National Geographic Maps, ",https://m.media-amazon.com/images/I/71CNhg-q3FL._AC_UY218_.jpg
8,geographic,"National Geographic Road Atlas 2021: Adventure Edition [United States, Canada, Mexico]","durable, entire, big, great, little, national, good, comprehensive, impressed, large,",https://www.amazon.com/National-Geographic-Road-Atlas-Adventure/dp/0792289897/ref=sr_1_24?qid=1639356249&s=books&sr=1-24,Sports & Outdoors,"National Geographic Maps, ",https://m.media-amazon.com/images/I/71CNhg-q3FL._AC_UY218_.jpg
8,geographic,"Rand McNally 2022 Road Atlas (United States, Canada, Mexico) (Rand McNally Road Atlas: United States, Canada, Mexico)","unusable, northern, well, large, sized, old, useful, recent, good, massive,",https://www.amazon.com/McNally-United-States-Canada-Mexico/dp/0528023748/ref=sr_1_3?qid=1636073620&s=books&sr=1-3,Travel,"Rand McNally, ",https://m.media-amazon.com/images/I/61jkAxwZ24L._AC_UY218_.jpg
8,geographic,History of the World Map by Map,"right, good, capitalist, socialist, communist, pure, pretty, past, hilarious, bad,",https://www.amazon.com/History-World-Map-DK/dp/1465475850/ref=sr_1_10?qid=1636073620&s=books&sr=1-10,Travel,"DK, ",https://m.media-amazon.com/images/I/819JDQmIb8L._AC_UY218_.jpg
8,geographic,Discrimination and Disparities,"great, cultural, clear, rigorous, confused, good, educated, difficult, interesting,",https://www.amazon.com/Discrimination-and-Disparities-audiobook/dp/B078N861YQ/ref=sr_1_26?qid=1639358583&s=books&sr=1-26,Law,"Thomas Sowell, ",https://m.media-amazon.com/images/I/71YJV7aVRQL._AC_UY218_.jpg
8,geographic,"National Geographic Complete National Parks of the United States: 400+ Parks, Monuments, Battlefields, Historic Sites, Scenic Trails, Recreation Areas, and Seashores","beautiful, bent, helpful, detailed, natural, bad, specific, wet, colorful, clear,",https://www.amazon.com/National-Geographic-Complete-United-States/dp/1426216920/ref=sr_1_27?qid=1639356496&s=books&sr=1-27,Travel,"Mel White, ",https://m.media-amazon.com/images/I/81DFe3KftNL._AC_UY218_.jpg
8,geographic,Rand McNally 2022 Large Scale Road Atlas,"small, main, profile, convenient, annoying, detailed, good, big, different, separate,",https://www.amazon.com/Rand-McNally-Large-Scale-Atlas/dp/0528023780/ref=sr_1_20?qid=1639357521&s=books&sr=1-20,Reference,"Rand McNally, ",https://m.media-amazon.com/images/I/71e4P30gNVL._AC_UY218_.jpg
8,geographic,Moon USA National Parks: The Complete Guide to All 62 Parks (Travel Guide),"nat, terrible, long, short, right, excited, big, general, specific, descriptive,",https://www.amazon.com/Moon-USA-National-Parks-Complete/dp/1640499180/ref=sr_1_22?qid=1639356249&s=books&sr=1-22,Sports & Outdoors,"Becky Lomax, ",https://m.media-amazon.com/images/I/7104V3F8DYL._AC_UY218_.jpg
8,geographic,Rand McNally 2022 Large Scale Road Atlas,"small, main, convenient, annoying, detailed, good, big, different, separate, fifth,",https://www.amazon.com/Rand-McNally-Large-Scale-Atlas/dp/0528023780/ref=sr_1_8?qid=1636074563&qsid=147-9014598-6835960&s=books&sr=1-8&sres=0593329910%2C0399226907%2C1615649980%2C1641526270%2C1250784093%2C0385376715%2C1913484106%2C0528023780%2C0786965606%2C0545231493%2C1732557101%2C1338233580%2C0062315005%2C1571988939%2C1982180587%2C1119787343,Reference,"Rand McNally, ",https://m.media-amazon.com/images/I/71e4P30gNVL._AC_UY218_.jpg
9,biography,In the Weeds: Around the World and Behind the Scenes with Anthony Bourdain,"real, unlikable, interesting, different, linear, insightful, welcome, long, wonderful, deep,",https://www.amazon.com/Weeds-Around-Behind-Anthony-Bourdain/dp/0306924099/ref=sr_1_29?qid=1639356496&s=books&sr=1-29,Travel,"Tom Vitale, ",https://m.media-amazon.com/images/I/51VECaHDCLL._AC_UY218_.jpg
9,biography,My Encyclopedia of Very Important Things: For Little Learners Who Want to Know Everything (My Very Important Encyclopedias),"white, old, excited, beautiful, real, western, possible, human, sparse, organized,",https://www.amazon.com/My-Encyclopedia-Very-Important-Things/dp/146544968X/ref=sr_1_30?qid=1639357521&s=books&sr=1-30,Reference,"DK, ",https://m.media-amazon.com/images/I/911AKT1byhL._AC_UY218_.jpg
9,biography,The Storyteller: Tales of Life and Music,"little, terrible, huge, gifted, authentic, generous, sure, well, verbal, ho,",https://www.amazon.com/Storyteller-Tales-Life-Music/dp/B091WVM1JD/ref=sr_1_3?qid=1636073806&qsid=134-0882868-5928735&s=books&sr=1-3&sres=163149256X%2C0762499508%2C0063076098%2C1250765781%2C125083239X%2C1419732447%2C1510765549%2C0593577922%2C0935112960%2C0063090023%2C080241270X%2C0545231493%2C0692927999%2C1984877925%2C030692370X%2C1647224098,Arts & Photography,"Dave Grohl, ",https://m.media-amazon.com/images/I/81X5gR504zL._AC_UY218_.jpg
9,biography,The Storyteller: Tales of Life and Music,"little, terrible, huge, gifted, authentic, generous, sure, well, verbal, ho,",https://www.amazon.com/Storyteller-Tales-Life-Music/dp/B091WVM1JD/ref=sr_1_2?qid=1636072434&s=books&sr=1-2,Biographies,"Dave Grohl, ",https://m.media-amazon.com/images/I/81X5gR504zL._AC_UY218_.jpg
9,biography,The Storyteller: Tales of Life and Music,"little, terrible, huge, gifted, authentic, generous, sure, well, verbal, ho,",https://www.amazon.com/Storyteller-Tales-Life-Music/dp/B091WVM1JD/ref=sr_1_3?qid=1636073234&s=books&sr=1-3,Humor & Entertainment,"Dave Grohl, ",https://m.media-amazon.com/images/I/81X5gR504zL._AC_UY218_.jpg
9,biography,1984,"philosophical, personal, old, smart, natural, questionable, certain, powerful, interesting, high,",https://www.amazon.com/1984-Signet-Classics-George-Orwell/dp/0451524934/ref=sr_1_28?qid=1639358205&s=books&sr=1-28,Science Fiction & Fantasy,"George Orwell, ",https://m.media-amazon.com/images/I/91Q56n9K99L._AC_UY218_.jpg
9,biography,1984,"philosophical, personal, old, smart, natural, questionable, certain, powerful, interesting, well,",https://www.amazon.com/1984-Signet-Classics-George-Orwell/dp/0451524934/ref=sr_1_12?qid=1636075203&qsid=136-8344726-0084920&s=books&sr=1-12&sres=0441013597%2C0786967293%2C1101885688%2CB07WDM3D5T%2C0525559477%2C0786965606%2C0062315005%2C1451673310%2C0593135202%2C0786966629%2C0786967021%2C0451524934%2C0061992887%2C0593098242%2C0765387565%2C0786965622,Science Fiction & Fantasy,"George Orwell, ",https://m.media-amazon.com/images/I/91Q56n9K99L._AC_UY218_.jpg
9,biography,The Boys: A Memoir of Hollywood and Family,"big, vulgar, famous, interesting, good, interested, entire, worth, pink, honest,",https://www.amazon.com/Boys-Memoir-Hollywood-Family/dp/006306524X/ref=sr_1_21?qid=1639355508&s=books&sr=1-21,Biographies,"Ron Howard, ",https://m.media-amazon.com/images/I/91uW0MrQtwL._AC_UY218_.jpg
9,biography,Get Untamed: The Journal (How to Quit Pleasing and Start Living),"3rd, previous, addicted, humorous, hopeful, female, old, 2nd, lesbian, grown,",https://www.amazon.com/Get-Untamed-Journal-Pleasing-Living/dp/0593235657/ref=sr_1_23?qid=1639355994&s=books&sr=1-23,Humor & Entertainment,"Glennon Doyle, ",https://m.media-amazon.com/images/I/71VPJqc4NPL._AC_UY218_.jpg
9,biography,Aristotle and Dante Dive into the Waters of the World,"sure, slow, emotional, young, amazing, repetitive, minor, huge, little, contrived,",https://www.amazon.com/Aristotle-Dante-Dive-Waters-World/dp/153449619X/ref=sr_1_4?qid=1636075415&s=books&sr=1-4,LGBTQ+ Books,"Benjamin Alire Sáenz, ",https://m.media-amazon.com/images/I/81CTLCU37gL._AC_UY218_.jpg
10,original,Welcome to Dunder Mifflin: The Ultimate Oral History of The Office,"scuffed, nice, worth, original, great-, big, bent, disappointed,",https://www.amazon.com/Welcome-Dunder-Mifflin-Ultimate-History/dp/0063082195/ref=sr_1_17?qid=1639355994&s=books&sr=1-17,Humor & Entertainment,"Brian Baumgartner, ",https://m.media-amazon.com/images/I/71U1dFJ8wVL._AC_UY218_.jpg
10,original,Project Hail Mary,"new, universal, amazing, incredible, suicidal, unbelievable, incorrect, thermal, neutral, available,",https://www.amazon.com/Project-Hail-Mary/dp/B08GB58KD5/ref=sr_1_9?qid=1636075203&qsid=136-8344726-0084920&s=books&sr=1-9&sres=0441013597%2C0786967293%2C1101885688%2CB07WDM3D5T%2C0525559477%2C0786965606%2C0062315005%2C1451673310%2C0593135202%2C0786966629%2C0786967021%2C0451524934%2C0061992887%2C0593098242%2C0765387565%2C0786965622,Science Fiction & Fantasy,"Andy Weir, ",https://m.media-amazon.com/images/I/91vS2L5YfEL._AC_UY218_.jpg
10,original,Project Hail Mary,"new, universal, amazing, incredible, suicidal, unbelievable, incorrect, thermal, neutral, available,",https://www.amazon.com/Project-Hail-Mary/dp/B08GB58KD5/ref=sr_1_12?qid=1636075278&s=books&sr=1-12,"Mystery, Thriller & Suspense","Andy Weir, ",https://m.media-amazon.com/images/I/91vS2L5YfEL._AC_UY218_.jpg
10,original,Untamed,"inner, christian, previous, half, disappointing, personal, broken, sensitive, crap, authentic,",https://www.amazon.com/Untamed-Glennon-Doyle-audiobook/dp/B07Z44CWFM/ref=sr_1_16?qid=1636074296&s=books&sr=1-16,"Health, Fitness & Dieting","Glennon Doyle, ",https://m.media-amazon.com/images/I/81hy1dggLcL._AC_UY218_.jpg
10,original,Untamed,"inner, christian, previous, half, disappointing, personal, broken, sensitive, crap, authentic,",https://www.amazon.com/Untamed-Glennon-Doyle-audiobook/dp/B07Z44CWFM/ref=sr_1_11?qid=1636074427&qsid=134-7630899-3105159&s=books&sr=1-11&sres=006288834X%2C1878424319%2C0063080281%2C1684512719%2C1250784093%2C080241270X%2C078522419X%2C0736985204%2C0593299213%2C1400215587%2C1984801252%2C0593239199%2C1945796065%2C0062894471%2C1585429139%2C0063046644,Religion & Spirituality,"Glennon Doyle, ",https://m.media-amazon.com/images/I/81hy1dggLcL._AC_UY218_.jpg
10,original,The DC Comics Encyclopedia New Edition,"polka, careful, little, new, upcoming, spectacular, sloppy, old, incorrect, big,",https://www.amazon.com/Comics-Encyclopedia-New-Nick-Jones/dp/0744020565/ref=sr_1_30?qid=1639356870&s=books&sr=1-30,Comics & Graphic Novels,"Matthew K. Manning, ",https://m.media-amazon.com/images/I/A1ti8NAc9uL._AC_UY218_.jpg
10,original,One Last Stop,"bored, boring, second, personal, long, complex, unique, early, dazzling, sharp,",https://www.amazon.com/One-Last-Stop-Casey-McQuiston/dp/1250244498/ref=sr_1_26?qid=1639358384&s=books&sr=1-26,LGBTQ+ Books,"Casey McQuiston, ",https://m.media-amazon.com/images/I/A1GVzgAyo3L._AC_UY218_.jpg
10,original,Harry Potter and the Chamber of Secrets (MinaLima Edition) (Illustrated edition) (2),"actual, familiar, different, hard, cheap, perfect, little, painful, worth, overall,",https://www.amazon.com/Potter-Chamber-Secrets-MinaLima-Illustrated/dp/1338716530/ref=sr_1_26?qid=1639358687&s=books&sr=1-26,Children's Books,"Minalima, J. K. Rowling, ",https://m.media-amazon.com/images/I/71rCcl7ZEKL._AC_UY218_.jpg
10,original,Paint by Sticker: Dogs: Create 12 Stunning Images One Sticker at a Time!,"bent, old, torn, stiff, rigid, average, okay, worth, cool, complicated,",https://www.amazon.com/Paint-Sticker-Dogs-Workman-Publishing/dp/1523509651/ref=sr_1_31?qid=1639357108&s=books&sr=1-31,Science & Math,"Workman Publishing, ",https://m.media-amazon.com/images/I/811qGcQLC9L._AC_UY218_.jpg
10,original,The Art of War,"nice, low, common, original, different, available, sure, official, local, flimsy,",https://www.amazon.com/Art-War-Sun-Tzu/dp/0486832945/ref=sr_1_28?qid=1639356130&s=books&sr=1-28,Engineering & Transportation,"Sun Tzu, ",https://m.media-amazon.com/images/I/71Ow6MUOx2L._AC_UY218_.jpg
11,romantic,The Love Hypothesis,"awkward, surprised, decent, main, spicy, fake, excited, great, big, worth,",https://www.amazon.com/Love-Hypothesis-Ali-Hazelwood/dp/0593336828/ref=sr_1_5?qid=1636075508&s=books&sr=1-5,Romance,"Ali Hazelwood, ",https://m.media-amazon.com/images/I/41720Sh-chL._AC_UY218_.jpg
11,romantic,The Guncle,"poor, romantic, great, sweet, small, repetitive, smart, stereotypical, wise, overbearing,",https://www.amazon.com/Guncle-Steven-Rowley/dp/0525542280/ref=sr_1_30?qid=1639358384&s=books&sr=1-30,LGBTQ+ Books,"Steven Rowley, ",https://m.media-amazon.com/images/I/81w0W6sGhmL._AC_UY218_.jpg
11,romantic,Window Shopping,"sure, tall, romantic, cozy, charming, good, interesting, psychological, sexual, heavy,",https://www.amazon.com/Window-Shopping-Tessa-Bailey-ebook/dp/B09FGSGK21/ref=sr_1_19?qid=1639358491&s=books&sr=1-19,Romance,"Tessa Bailey, ",https://m.media-amazon.com/images/I/81wQk9tw58L._AC_UY218_.jpg
11,romantic,Love Makes a Family,"different, damaged, ugly, indented, glad, clean, colorful, hard, small, new,",https://www.amazon.com/Love-Makes-Family-Sophie-Beer/dp/052555422X/ref=sr_1_31?qid=1639358384&s=books&sr=1-31,LGBTQ+ Books,"Sophie Beer, ",https://m.media-amazon.com/images/I/81ekQaqNUPL._AC_UY218_.jpg
11,romantic,Beach Read,"upmarket, emotional, fluffy, actual, complete, dark, brown, mysterious, recent, cute,",https://www.amazon.com/Beach-Read-Emily-Henry/dp/1984806734/ref=sr_1_32?qid=1639358491&s=books&sr=1-32,Romance,"Emily Henry, ",https://m.media-amazon.com/images/I/81JjBCLBHYL._AC_UY218_.jpg
11,romantic,Pillow Thoughts,"appropriate, broken, good, emotional, sweet, young, different, strong, certain, sure,",https://www.amazon.com/Pillow-Thoughts-Courtney-Peppernell/dp/1449489753/ref=sr_1_16?qid=1636075415&s=books&sr=1-16,LGBTQ+ Books,"Courtney Peppernell, ",https://m.media-amazon.com/images/I/71bUf4gWhnL._AC_UY218_.jpg
11,romantic,I Love You to the Moon and Back,"bad, open, favorite, poor, understandable, bent, cute, particular, crooked, readable,",https://www.amazon.com/I-Love-You-Moon-Back/dp/1589255518/ref=sr_1_25?qid=1639358687&s=books&sr=1-25,Children's Books,"Amelia Hepworth, ",https://m.media-amazon.com/images/I/8144Vic9C5L._AC_UY218_.jpg
11,romantic,Ugly Love: A Novel,"mysterious, special, annoying, confusing, stupid, well, boring, casual, poetic, deep,",https://www.amazon.com/Ugly-Love-Novel-Colleen-Hoover/dp/1476753180/ref=sr_1_25?qid=1639355610&s=books&sr=1-25,Literature & Fiction,"Colleen Hoover, ",https://m.media-amazon.com/images/I/617gMRW9DYL._AC_UY218_.jpg
11,romantic,Ugly Love: A Novel,"mysterious, special, annoying, confusing, stupid, well, boring, casual, poetic, deep,",https://www.amazon.com/Ugly-Love-Novel-Colleen-Hoover/dp/1476753180/ref=sr_1_6?qid=1636075508&s=books&sr=1-6,Romance,"Colleen Hoover, ",https://m.media-amazon.com/images/I/617gMRW9DYL._AC_UY218_.jpg
11,romantic,"Love More, Fight Less: Communication Skills Every Couple Needs: A Relationship Workbook for Couples","great, hard, significant, short, lacking, high, blank, standalone, inspirational, unhelpful,",https://www.amazon.com/Love-More-Fight-Less-Communication/dp/0593196651/ref=sr_1_18?qid=1639358583&s=books&sr=1-18,Law,"Gina Senarighi PhD CPC, ",https://m.media-amazon.com/images/I/71Q-b60-+fL._AC_UY218_.jpg
12,information,My Encyclopedia of Very Important Things: For Little Learners Who Want to Know Everything (My Very Important Encyclopedias),"white, old, excited, beautiful, real, western, possible, human, sparse, organized,",https://www.amazon.com/My-Encyclopedia-Very-Important-Things/dp/146544968X/ref=sr_1_30?qid=1639357521&s=books&sr=1-30,Reference,"DK, ",https://m.media-amazon.com/images/I/911AKT1byhL._AC_UY218_.jpg
12,information,Think Again: The Power of Knowing What You Don't Know,"interesting, appropriate, helpful, new, open, old, absolute, unworthy, little, certain,",https://www.amazon.com/Think-Again-Power-Knowing-What/dp/1984878107/ref=sr_1_21?qid=1639357921&s=books&sr=1-21,Self-Help,"Adam Grant, ",https://m.media-amazon.com/images/I/71K+FclxRdL._AC_UY218_.jpg
12,information,Britannica All New Kids' Encyclopedia: What We Know & What We Don't,"short, well, appropriate, symptomatic, half, bad, misleading, biased, widespread, cuban,",https://www.amazon.com/Britannica-All-New-Kids-Encyclopedia/dp/1912920484/ref=sr_1_31?qid=1639357521&s=books&sr=1-31,Reference,"Britannica Group, Christopher Lloyd, ",https://m.media-amazon.com/images/I/81+daIlOGaL._AC_UY218_.jpg
12,information,1984,"philosophical, personal, old, smart, natural, questionable, certain, powerful, interesting, high,",https://www.amazon.com/1984-Signet-Classics-George-Orwell/dp/0451524934/ref=sr_1_28?qid=1639358205&s=books&sr=1-28,Science Fiction & Fantasy,"George Orwell, ",https://m.media-amazon.com/images/I/91Q56n9K99L._AC_UY218_.jpg
12,information,1984,"philosophical, personal, old, smart, natural, questionable, certain, powerful, interesting, well,",https://www.amazon.com/1984-Signet-Classics-George-Orwell/dp/0451524934/ref=sr_1_12?qid=1636075203&qsid=136-8344726-0084920&s=books&sr=1-12&sres=0441013597%2C0786967293%2C1101885688%2CB07WDM3D5T%2C0525559477%2C0786965606%2C0062315005%2C1451673310%2C0593135202%2C0786966629%2C0786967021%2C0451524934%2C0061992887%2C0593098242%2C0765387565%2C0786965622,Science Fiction & Fantasy,"George Orwell, ",https://m.media-amazon.com/images/I/91Q56n9K99L._AC_UY218_.jpg
12,information,The Secret History,"entire, exciting, likable, bad, slow, old, annoying, boring, possible, describe,",https://www.amazon.com/Secret-History-Donna-Tartt/dp/1400031702/ref=sr_1_23?qid=1639358282&s=books&sr=1-23,"Mystery, Thriller & Suspense","Donna Tartt, ",https://m.media-amazon.com/images/I/91EWBiFTnGL._AC_UY218_.jpg
12,information,The Totally Awesome Book of Useless Information,"young, bad, embarrassed, cool, factual, half, accurate, white, okay, common,",https://www.amazon.com/Totally-Awesome-Book-Useless-Information/dp/0399159258/ref=sr_1_24?qid=1639357521&s=books&sr=1-24,Reference,"Noel Botham, Travis Nichols, ",https://m.media-amazon.com/images/I/81nJ9mIfPHL._AC_UY218_.jpg
12,information,Aircraft: The Definitive Visual History,"specific, detailed, sidebar, outstanding, definitive, interesting, young, curious, generic, close,",https://www.amazon.com/Aircraft-Definitive-Visual-History-DK/dp/1465402128/ref=sr_1_32?qid=1639356130&s=books&sr=1-32,Engineering & Transportation,"DK, ",https://m.media-amazon.com/images/I/91Ne79H5mtL._AC_UY218_.jpg
12,information,Think Again: The Power of Knowing What You Don't Know,"interesting, appropriate, helpful, new, shallow, righteous, laden, trump, old, global,",https://www.amazon.com/Think-Again-Power-Knowing-What/dp/1984878107/ref=sr_1_13?qid=1636075088&s=books&sr=1-13,Business & Money,"Adam Grant, ",https://m.media-amazon.com/images/I/71tHmRxhU5S._AC_UY218_.jpg
12,information,Think Again: The Power of Knowing What You Don't Know,"interesting, appropriate, helpful, new, shallow, righteous, laden, trump, old, global,",https://www.amazon.com/Think-Again-Power-Knowing-What/dp/1984878107/ref=sr_1_16?qid=1636074194&s=books&sr=1-16,Science & Math,"Adam Grant, ",https://m.media-amazon.com/images/I/71tHmRxhU5S._AC_UY218_.jpg
13,brainstorm,"Peak Mind: Find Your Focus, Own Your Attention, Invest 12 Minutes a Day","little, worth, total, helpful, coherent,",https://www.amazon.com/Peak-Mind-Attention-Invest-Minutes/dp/B08V5KFRM5/ref=sr_1_12?qid=1636075088&s=books&sr=1-12,Business & Money,"Amishi P. Jha, ",https://m.media-amazon.com/images/I/716nrtK5LPL._AC_UY218_.jpg
13,brainstorm,"Peak Mind: Find Your Focus, Own Your Attention, Invest 12 Minutes a Day","little, worth, total, helpful, coherent,",https://www.amazon.com/Peak-Mind-Attention-Invest-Minutes/dp/B08V5KFRM5/ref=sr_1_13?qid=1636074194&s=books&sr=1-13,Science & Math,"Amishi P. Jha, ",https://m.media-amazon.com/images/I/716nrtK5LPL._AC_UY218_.jpg
13,brainstorm,"100 Drives, 5,000 Ideas: Where to Go, When to Go, What to Do, What to See","good, pretty, great, useless, single, round, general, subject, willing, fine,",https://www.amazon.com/100-Drives-000-Ideas-Where/dp/1426220901/ref=sr_1_28?qid=1639356496&s=books&sr=1-28,Travel,"Joe Yogerst, ",https://m.media-amazon.com/images/I/91Zsi6A84nL._AC_UY218_.jpg
13,brainstorm,"100 Parks, 5,000 Ideas: Where to Go, When to Go, What to See, What to Do","great, good, close, useful, beautiful, useless, helpful, specific, brief, nice,",https://www.amazon.com/100-Parks-000-Ideas-Where/dp/1426220103/ref=sr_1_25?qid=1639355705&s=books&sr=1-25,History,"Joe Yogerst, ",https://m.media-amazon.com/images/I/81vZGmwvTGL._AC_UY218_.jpg
13,brainstorm,Mind Your Business: A Workbook to Grow Your Creative Passion Into a Full-time Gig,"bad, wonderful, easy, incomplete, thin, challenging, obsessed, similar, unacceptable, poor,",https://www.amazon.com/Mind-Your-Business-Workbook-Full-time/dp/1944515720/ref=sr_1_32?qid=1639358583&s=books&sr=1-32,Law,"Ilana Griffo, ",https://m.media-amazon.com/images/I/81WRNpNoDHL._AC_UY218_.jpg
13,brainstorm,"Thinking, Fast and Slow","audio, common, little, angry, hard, tedious, interactive, non, dark, wrong,",https://www.amazon.com/Thinking-Fast-Slow-Daniel-Kahneman/dp/0374533555/ref=sr_1_22?qid=1639358116&s=books&sr=1-22,Business & Money,"Daniel Kahneman, ",https://m.media-amazon.com/images/I/61fdrEuPJwL._AC_UY218_.jpg
13,brainstorm,"Thinking, Fast and Slow","audio, common, little, angry, hard, tedious, interactive, non, dark, wrong,",https://www.amazon.com/Thinking-Fast-Slow-Daniel-Kahneman/dp/0374533555/ref=sr_1_29?qid=1639357108&s=books&sr=1-29,Science & Math,"Daniel Kahneman, ",https://m.media-amazon.com/images/I/61fdrEuPJwL._AC_UY218_.jpg
13,brainstorm,Brain Games - Sticker by Number: Christmas (28 Images to Sticker),"colorful, prior, incorrect, easy, small, noticeable, pleased, perforated, popular, heavy,",https://www.amazon.com/Brain-Games-Sticker-Number-Christmas/dp/1640308431/ref=sr_1_13?qid=1636073317&qsid=139-3550215-9846745&s=books&sr=1-13&sres=1450845800%2C059342039X%2C1284194531%2C1119784174%2C0802738036%2C0976626608%2C0310750628%2C1644250934%2C149267043X%2C1119387507%2C0486832945%2C1455922978%2C1640308431%2C1546012591%2C151865472X%2C1602399840,Engineering & Transportation,"New Seasons, Publications International Ltd., ",https://m.media-amazon.com/images/I/81OwqXcZmdL._AC_UY218_.jpg
13,brainstorm,Think Again: The Power of Knowing What You Don't Know,"interesting, appropriate, helpful, new, open, old, absolute, unworthy, little, certain,",https://www.amazon.com/Think-Again-Power-Knowing-What/dp/1984878107/ref=sr_1_21?qid=1639357921&s=books&sr=1-21,Self-Help,"Adam Grant, ",https://m.media-amazon.com/images/I/71K+FclxRdL._AC_UY218_.jpg
13,brainstorm,"50 States, 5,000 Ideas: Where to Go, When to Go, What to See, What to Do","unique, good, nice, helpful, worth, left, disappointed, decent, humid, hot,",https://www.amazon.com/50-States-000-Ideas-Where/dp/1426216904/ref=sr_1_11?qid=1636073620&s=books&sr=1-11,Travel,"Joe Yogerst, National Geographic, ",https://m.media-amazon.com/images/I/910kz89GzyL._AC_UY218_.jpg
14,business idea,Mind Your Business: A Workbook to Grow Your Creative Passion Into a Full-time Gig,"bad, wonderful, easy, incomplete, thin, challenging, obsessed, similar, unacceptable, poor,",https://www.amazon.com/Mind-Your-Business-Workbook-Full-time/dp/1944515720/ref=sr_1_32?qid=1639358583&s=books&sr=1-32,Law,"Ilana Griffo, ",https://m.media-amazon.com/images/I/81WRNpNoDHL._AC_UY218_.jpg
14,business idea,Inspired: How to Create Tech Products Customers Love (Silicon Valley Product Group),"great, important, topic, different, big, valuable, worthwhile, well, little, actual,",https://www.amazon.com/INSPIRED-Create-Tech-Products-Customers/dp/1119387507/ref=sr_1_10?qid=1636073317&qsid=139-3550215-9846745&s=books&sr=1-10&sres=1450845800%2C059342039X%2C1284194531%2C1119784174%2C0802738036%2C0976626608%2C0310750628%2C1644250934%2C149267043X%2C1119387507%2C0486832945%2C1455922978%2C1640308431%2C1546012591%2C151865472X%2C1602399840,Engineering & Transportation,"Marty Cagan, ",https://m.media-amazon.com/images/I/31kCXfXO46L._AC_UY218_.jpg
14,business idea,"100 Drives, 5,000 Ideas: Where to Go, When to Go, What to Do, What to See","good, pretty, great, useless, single, round, general, subject, willing, fine,",https://www.amazon.com/100-Drives-000-Ideas-Where/dp/1426220901/ref=sr_1_28?qid=1639356496&s=books&sr=1-28,Travel,"Joe Yogerst, ",https://m.media-amazon.com/images/I/91Zsi6A84nL._AC_UY218_.jpg
14,business idea,Twelve and a Half: Leveraging the Emotional Ingredients Necessary for Business Success,"social, real, worth, good, audio, ordered, high, great, advanced, sorry,",https://www.amazon.com/Twelve-Half-Leveraging-Emotional-Necessary/dp/B08PHBJ4MM/ref=sr_1_24?qid=1639356662&s=books&sr=1-24,Computers & Technology,"Gary Vaynerchuk, ",https://m.media-amazon.com/images/I/81+ME70CgfL._AC_UY218_.jpg
14,business idea,The Total Money Makeover: Classic Edition: A Proven Plan for Financial Fitness,"successful, fake, sound, small, major, useless, low, financial, personal, actual,",https://www.amazon.com/Total-Money-Makeover-Classic-Financial/dp/1595555277/ref=sr_1_19?qid=1639357337&s=books&sr=1-19,Education & Teaching,"Dave Ramsey, ",https://m.media-amazon.com/images/I/51+L4aSe+gL._AC_UY218_.jpg
14,business idea,The Total Money Makeover: Classic Edition: A Proven Plan for Financial Fitness,"successful, fake, sound, small, major, useless, low, financial, personal, actual,",https://www.amazon.com/Total-Money-Makeover-Classic-Financial/dp/1595555277/ref=sr_1_26?qid=1639358116&s=books&sr=1-26,Business & Money,"Dave Ramsey, ",https://m.media-amazon.com/images/I/51+L4aSe+gL._AC_UY218_.jpg
14,business idea,"100 Parks, 5,000 Ideas: Where to Go, When to Go, What to See, What to Do","great, good, close, useful, beautiful, useless, helpful, specific, brief, nice,",https://www.amazon.com/100-Parks-000-Ideas-Where/dp/1426220103/ref=sr_1_25?qid=1639355705&s=books&sr=1-25,History,"Joe Yogerst, ",https://m.media-amazon.com/images/I/81vZGmwvTGL._AC_UY218_.jpg
14,business idea,"Peak Mind: Find Your Focus, Own Your Attention, Invest 12 Minutes a Day","little, worth, total, helpful, coherent,",https://www.amazon.com/Peak-Mind-Attention-Invest-Minutes/dp/B08V5KFRM5/ref=sr_1_12?qid=1636075088&s=books&sr=1-12,Business & Money,"Amishi P. Jha, ",https://m.media-amazon.com/images/I/716nrtK5LPL._AC_UY218_.jpg
14,business idea,"Peak Mind: Find Your Focus, Own Your Attention, Invest 12 Minutes a Day","little, worth, total, helpful, coherent,",https://www.amazon.com/Peak-Mind-Attention-Invest-Minutes/dp/B08V5KFRM5/ref=sr_1_13?qid=1636074194&s=books&sr=1-13,Science & Math,"Amishi P. Jha, ",https://m.media-amazon.com/images/I/716nrtK5LPL._AC_UY218_.jpg
14,business idea,There Is Nothing for You Here: Finding Opportunity in the Twenty-First Century,"public, audible, sure, economic, 5th, long, small, detailed, fine, intelligent,",https://www.amazon.com/There-Nothing-You-Here-Twenty-First/dp/0358574315/ref=sr_1_2?qid=1636075614&qsid=146-2930825-2310558&s=books&sr=1-2&sres=0140280197%2C0358574315%2C0989081532%2C0525657746%2C0316551309%2C081298496X%2C0393531562%2C194564009X%2C0143118757%2C1541736699%2C1631494538%2C0767914171%2C0578666154%2C1524763136%2C0593196651%2C1565842715,Law,"Fiona Hill, ",https://m.media-amazon.com/images/I/81KxES3nvRS._AC_UY218_.jpg
15,American dream,Midnight in Washington: How We Almost Lost Our Democracy and Still Could,"devoted, baseless, russian, ukrainian, clear, ready, double, necessary, boring, big,",https://www.amazon.com/Midnight-Washington-Almost-Democracy-Still/dp/059323152X/ref=sr_1_8?qid=1636072434&s=books&sr=1-8,Biographies,"Adam Schiff, ",https://m.media-amazon.com/images/I/81GsPCydFPL._AC_UY218_.jpg
15,American dream,Midnight in Washington: How We Almost Lost Our Democracy and Still Could,"devoted, baseless, russian, ukrainian, clear, ready, double, necessary, boring, big,",https://www.amazon.com/Midnight-Washington-Almost-Democracy-Still/dp/059323152X/ref=sr_1_6?qid=1636073028&qsid=139-3550215-9846745&s=books&sr=1-6&sres=0374157359%2C1982182911%2C168451259X%2C125083239X%2C0063039540%2C059323152X%2C0062976583%2C0140280197%2C150113597X%2C154164753X%2C0593423062%2C1510765549%2C1737478501%2C0062316117%2C163763059X%2C0593577922,Politics & Social Sciences,"Adam Schiff, ",https://m.media-amazon.com/images/I/81GsPCydFPL._AC_UY218_.jpg
15,American dream,Midnight in Washington: How We Almost Lost Our Democracy and Still Could,"devoted, baseless, russian, ukrainian, clear, ready, double, necessary, boring, big,",https://www.amazon.com/Midnight-Washington-Almost-Democracy-Still/dp/059323152X/ref=sr_1_5?qid=1636072788&s=books&sr=1-5,History,"Adam Schiff, ",https://m.media-amazon.com/images/I/81GsPCydFPL._AC_UY218_.jpg
15,American dream,"Feeding the Soul (Because It's My Business): Finding Our Way to Joy, Love, and Freedom","sticky, african, american, good, personal, lengthy, lifelong, christian, familiar, unfortunate,",https://www.amazon.com/Feeding-Soul-Because-Its-Business/dp/0063080281/ref=sr_1_8?qid=1636074915&qsid=130-6531144-8006423&s=books&sr=1-8&sres=0735211299%2C125083239X%2C1982195444%2C0062976583%2C1878424319%2C0140280197%2C0593329910%2C0063080281%2C1949759229%2C1401962122%2C1250784093%2C0062457713%2C1501194801%2C080241270X%2C1984877925%2C1250223180,Self-Help,"Tabitha Brown, ",https://m.media-amazon.com/images/I/81X3XjKb3KL._AC_UY218_.jpg
15,American dream,"Feeding the Soul (Because It's My Business): Finding Our Way to Joy, Love, and Freedom","sticky, african, american, good, personal, lengthy, lifelong, christian, familiar, unfortunate,",https://www.amazon.com/Feeding-Soul-Because-Its-Business/dp/0063080281/ref=sr_1_14?qid=1636072434&s=books&sr=1-14,Biographies,"Tabitha Brown, ",https://m.media-amazon.com/images/I/81X3XjKb3KL._AC_UY218_.jpg
15,American dream,"Feeding the Soul (Because It's My Business): Finding Our Way to Joy, Love, and Freedom","sticky, african, american, good, personal, lengthy, lifelong, christian, familiar, unfortunate,",https://www.amazon.com/Feeding-Soul-Because-Its-Business/dp/0063080281/ref=sr_1_3?qid=1636074427&qsid=134-7630899-3105159&s=books&sr=1-3&sres=006288834X%2C1878424319%2C0063080281%2C1684512719%2C1250784093%2C080241270X%2C078522419X%2C0736985204%2C0593299213%2C1400215587%2C1984801252%2C0593239199%2C1945796065%2C0062894471%2C1585429139%2C0063046644,Religion & Spirituality,"Tabitha Brown, ",https://m.media-amazon.com/images/I/81X3XjKb3KL._AC_UY218_.jpg
15,American dream,Disney Dreams Collection by Thomas Kinkade Studios: 2022 Wall Calendar,"new, previous,",https://www.amazon.com/Disney-Dreams-Collection-Kinkade-Studios/dp/152486417X/ref=sr_1_12?qid=1636074666&s=books&sr=1-12,Calendars,"Thomas Kinkade, ",https://m.media-amazon.com/images/I/81azmNVRdyL._AC_UY218_.jpg
15,American dream,Midnight in Washington: How We Almost Lost Our Democracy and Still Could,"baseless, russian, ukrainian, clear, ready, double, political, necessary, boring, big,",https://www.amazon.com/Midnight-Washington-Almost-Democracy-Still/dp/059323152X/ref=sr_1_26?qid=1639355705&s=books&sr=1-26,History,"Adam Schiff, ",https://m.media-amazon.com/images/I/81rMWJVGyIL._AC_UY218_.jpg
15,American dream,"The Dying Citizen: How Progressive Elites, Tribalism, and Globalization Are Destroying the Idea of America","wonderful, mysterious, bad, eletists, disappointed, large, trump, sure, difficult, single,",https://www.amazon.com/Dying-Citizen-Progressive-Globalization-Destroying/dp/154164753X/ref=sr_1_32?qid=1639355805&s=books&sr=1-32,Politics & Social Sciences,"Victor Davis Hanson, ",https://m.media-amazon.com/images/I/712EMRN4kpL._AC_UY218_.jpg
15,American dream,Disney Dreams Collection by Thomas Kinkade Studios: 2022 Wall Calendar,"new, previous, wrong, wet, limp,",https://www.amazon.com/Disney-Dreams-Collection-Kinkade-Studios/dp/152486417X/ref=sr_1_30?qid=1639356780&s=books&sr=1-30,Arts & Photography,"Thomas Kinkade, ",https://m.media-amazon.com/images/I/81azmNVRdyL._AC_UY218_.jpg
16,movie,In the Weeds: Around the World and Behind the Scenes with Anthony Bourdain,"real, unlikable, interesting, different, linear, insightful, welcome, long, wonderful, deep,",https://www.amazon.com/Weeds-Around-Behind-Anthony-Bourdain/dp/0306924099/ref=sr_1_29?qid=1639356496&s=books&sr=1-29,Travel,"Tom Vitale, ",https://m.media-amazon.com/images/I/51VECaHDCLL._AC_UY218_.jpg
16,movie,Tinderbox: HBO's Ruthless Pursuit of New Frontiers,"interesting, unreadable, audible, black, interested, entire, cool, considerable, old, white,",https://www.amazon.com/Tinderbox-HBOs-Ruthless-Pursuit-Frontiers/dp/1250624010/ref=sr_1_29?qid=1639358116&s=books&sr=1-29,Business & Money,"James Andrew Miller, ",https://m.media-amazon.com/images/I/91nCf4I5DLL._AC_UY218_.jpg
16,movie,The Boys: A Memoir of Hollywood and Family,"white, stuck, unable, inside, excellent, sanitized, revealing, interesting,",https://www.amazon.com/Boys-Memoir-Hollywood-Family/dp/006306524X/ref=sr_1_9?qid=1636073234&s=books&sr=1-9,Humor & Entertainment,"Ron Howard, ",https://m.media-amazon.com/images/I/91uW0MrQtwL._AC_UY218_.jpg
16,movie,The Boys: A Memoir of Hollywood and Family,"white, stuck, unable, inside, excellent, sanitized, revealing, interesting,",https://www.amazon.com/Boys-Memoir-Hollywood-Family/dp/006306524X/ref=sr_1_11?qid=1636072434&s=books&sr=1-11,Biographies,"Ron Howard, ",https://m.media-amazon.com/images/I/91uW0MrQtwL._AC_UY218_.jpg
16,movie,Mindhunter: Inside the FBI's Elite Serial Crime Unit,"true, scientific, difficult, old, certain, wrong, long, smart, cool, brave,",https://www.amazon.com/Mindhunter-Inside-Elite-Serial-Crime/dp/1501191969/ref=sr_1_23?qid=1639358583&s=books&sr=1-23,Law,"Mark Olshaker, John E. Douglas, ",https://m.media-amazon.com/images/I/71OIzuefDlL._AC_UY218_.jpg
16,movie,The Boys: A Memoir of Hollywood and Family,"big, vulgar, famous, interesting, good, interested, entire, worth, pink, honest,",https://www.amazon.com/Boys-Memoir-Hollywood-Family/dp/006306524X/ref=sr_1_21?qid=1639355508&s=books&sr=1-21,Biographies,"Ron Howard, ",https://m.media-amazon.com/images/I/91uW0MrQtwL._AC_UY218_.jpg
16,movie,Trapped in a Video Game: The Complete Series,"excited, main, great, avid, aware, young, final, cool, 9yo, little,",https://www.amazon.com/Trapped-Video-Game-Dustin-Brady/dp/1449499554/ref=sr_1_23?qid=1639358687&s=books&sr=1-23,Children's Books,"Dustin Brady, ",https://m.media-amazon.com/images/I/71ekqU1siAL._AC_UY218_.jpg
16,movie,To Kill a Mockingbird,"american, great, right, particular, awful, jagged, surprised, cheap, noble, avid,",https://www.amazon.com/Kill-Mockingbird-Harper-Lee/dp/0060935464/ref=sr_1_14?qid=1636075278&s=books&sr=1-14,"Mystery, Thriller & Suspense","Harper Lee, ",https://m.media-amazon.com/images/I/81aY1lxk+9L._AC_UY218_.jpg
16,movie,To Kill a Mockingbird,"american, great, right, particular, awful, jagged, surprised, cheap, noble, avid,",https://www.amazon.com/Kill-Mockingbird-Harper-Lee/dp/0060935464/ref=sr_1_5?qid=1636074832&qsid=140-8015291-3406335&s=books&sr=1-5&sres=0545162076%2C0593201884%2C1119787343%2C1524714682%2C0060935464%2C014240733X%2C1426307748%2C0399501487%2C0062457802%2C1416936475%2C059035342X%2C1457312190%2C125019623X%2C1524771031%2C0544336267%2C1635575567,Teen & Young Adult Books,"Harper Lee, ",https://m.media-amazon.com/images/I/81aY1lxk+9L._AC_UY218_.jpg
16,movie,Killing the Mob: The Fight Against Organized Crime in America (Bill O'Reilly's Killing Series),"good, disappointed, disappointing, big, late, small, gross, pure, dramatic, modern,",https://www.amazon.com/Killing-Mob-Against-Organized-OReillys/dp/125027365X/ref=sr_1_24?qid=1639355705&s=books&sr=1-24,History,"Bill O'Reilly, Martin Dugard, ",https://m.media-amazon.com/images/I/9131FGgieMS._AC_UY218_.jpg
17,novel with vivid plot,The Plot: A Novel,"quick, poor, actual, wrong, dense, weird, sleazy, copyrightable, faulty, dull,",https://www.amazon.com/Plot-Jean-Hanff-Korelitz/dp/125079076X/ref=sr_1_21?qid=1639358282&s=books&sr=1-21,"Mystery, Thriller & Suspense","Jean Hanff Korelitz, ",https://m.media-amazon.com/images/I/81qmNljec6S._AC_UY218_.jpg
17,novel with vivid plot,Wish You Were Here: A Novel,"multiple, recent, right, pro, extreme, complicated, human, previous, main, huge,",https://www.amazon.com/Wish-You-Were-Here-Novel/dp/1984818414/ref=sr_1_17?qid=1639355610&s=books&sr=1-17,Literature & Fiction,"Jodi Picoult, ",https://m.media-amazon.com/images/I/71QaoIm7HFL._AC_UY218_.jpg
17,novel with vivid plot,It Ends with Us: A Novel,"good, mad, personal, red, male, typical, glad, handsome, beautiful, low,",https://www.amazon.com/Ends-Us-Novel-Colleen-Hoover/dp/1501110365/ref=sr_1_5?qid=1636072681&qsid=140-8072226-5087463&s=books&sr=1-5&sres=0735222355%2C0786967293%2C0385546025%2C006288834X%2C1501110365%2C198217367X%2C1101885688%2C1538728621%2C1982168439%2C1250220254%2C1501171348%2C1501161938%2C1984818503%2C198215487X%2C0593160290%2C1684512719,Literature & Fiction,"Colleen Hoover, ",https://m.media-amazon.com/images/I/71xUvuJiqgL._AC_UY218_.jpg
17,novel with vivid plot,It Ends with Us: A Novel,"good, mad, personal, red, male, typical, glad, handsome, beautiful, low,",https://www.amazon.com/Ends-Us-Novel-Colleen-Hoover/dp/1501110365/ref=sr_1_5?qid=1636073234&s=books&sr=1-5,Humor & Entertainment,"Colleen Hoover, ",https://m.media-amazon.com/images/I/71xUvuJiqgL._AC_UY218_.jpg
17,novel with vivid plot,It Ends with Us: A Novel,"good, mad, personal, red, male, typical, glad, handsome, beautiful, low,",https://www.amazon.com/Ends-Us-Novel-Colleen-Hoover/dp/1501110365/ref=sr_1_1?qid=1636075508&s=books&sr=1-1,Romance,"Colleen Hoover, ",https://m.media-amazon.com/images/I/71xUvuJiqgL._AC_UY218_.jpg
17,novel with vivid plot,In Five Years: A Novel,"familiar, actual, stupid, depressed, asleep, present, dull, emotional, different, fun,",https://www.amazon.com/Five-Years-Novel-Rebecca-Serle/dp/1982137452/ref=sr_1_20?qid=1639358491&s=books&sr=1-20,Romance,"Rebecca Serle, ",https://m.media-amazon.com/images/I/71X64tcKNEL._AC_UY218_.jpg
17,novel with vivid plot,The Rose Code: A Novel,"old, little, romantic, plus, uber, literary, hostile, incredible, good, easy,",https://www.amazon.com/Rose-Code-Novel-Kate-Quinn-ebook/dp/B089SZJF11/ref=sr_1_25?qid=1639358282&s=books&sr=1-25,"Mystery, Thriller & Suspense","Kate Quinn, ",https://m.media-amazon.com/images/I/91QBfkKmE2L._AC_UY218_.jpg
17,novel with vivid plot,Create This Book,"old, new, heavy, creative, thin, surprised, lost, interesting, disappointing, shocked,",https://www.amazon.com/Create-This-Book-Moriah-Elizabeth/dp/0692452745/ref=sr_1_25?qid=1639357921&s=books&sr=1-25,Self-Help,"Moriah Elizabeth, ",https://m.media-amazon.com/images/I/519EMpfdXSL._AC_UY218_.jpg
17,novel with vivid plot,A Kingdom of Flesh and Fire (Blood and Ash Book 2),"endless, good, clear, tired, bored, hawke, manipulative, interested, interesting, frustrating,",https://www.amazon.com/Kingdom-Flesh-Fire-Blood-Book-ebook/dp/B08BZ61HDF/ref=sr_1_30?qid=1639358491&s=books&sr=1-30,Romance,"Jennifer L. Armentrout, ",https://m.media-amazon.com/images/I/91zp-pH5t4L._AC_UY218_.jpg
17,novel with vivid plot,The Girl from the Sea: A Graphic Novel,"suitable, bad,",https://www.amazon.com/Girl-Sea-Molly-Knox-Ostertag/dp/1338540572/ref=sr_1_24?qid=1639358384&s=books&sr=1-24,LGBTQ+ Books,"Molly Knox Ostertag, ",https://m.media-amazon.com/images/I/71q4aVBcR6L._AC_UY218_.jpg
18,Suspense reasoning,"Murder Most Puzzling: 20 Mysterious Cases to Solve (Murder Mystery Game, Adult Board Games, Mystery Games for Adults)","difficult, worth, good, hidden, realistic, common, familiar, specific, single, egyptian,",https://www.amazon.com/Murder-Most-Puzzling-Mysterious-Cases/dp/1452171602/ref=sr_1_31?qid=1639358282&s=books&sr=1-31,"Mystery, Thriller & Suspense","Stephanie von Reiswitz, ",https://m.media-amazon.com/images/I/91BLYNjIBwL._AC_UY218_.jpg
18,Suspense reasoning,The Man Who Died Twice: A Thursday Murder Club Mystery,"intellectual, little, cozy, long, easy, interested, foreign, bad, short, senior,",https://www.amazon.com/Man-Who-Died-Twice-Thursday/dp/1984880993/ref=sr_1_17?qid=1639358282&s=books&sr=1-17,"Mystery, Thriller & Suspense","Richard Osman, ",https://m.media-amazon.com/images/I/71iwl5n1iEL._AC_UY218_.jpg
18,Suspense reasoning,One of Us Is Lying,"predictable, bad, fast, good, normal, main, high, interesting, little, popular,",https://www.amazon.com/One-Us-Lying-Karen-McManus/dp/1524714682/ref=sr_1_4?qid=1636074832&qsid=140-8015291-3406335&s=books&sr=1-4&sres=0545162076%2C0593201884%2C1119787343%2C1524714682%2C0060935464%2C014240733X%2C1426307748%2C0399501487%2C0062457802%2C1416936475%2C059035342X%2C1457312190%2C125019623X%2C1524771031%2C0544336267%2C1635575567,Teen & Young Adult Books,"Karen M. McManus, ",https://m.media-amazon.com/images/I/81mUVqncmNL._AC_UY218_.jpg
18,Suspense reasoning,Where Do We Go from Here?: How Tomorrow’s Prophecies Foreshadow Today’s Problems,"superficial,",https://www.amazon.com/Where-Here-Tomorrows-Prophecies-Foreshadow/dp/078522419X/ref=sr_1_7?qid=1636074427&qsid=134-7630899-3105159&s=books&sr=1-7&sres=006288834X%2C1878424319%2C0063080281%2C1684512719%2C1250784093%2C080241270X%2C078522419X%2C0736985204%2C0593299213%2C1400215587%2C1984801252%2C0593239199%2C1945796065%2C0062894471%2C1585429139%2C0063046644,Religion & Spirituality,"Dr. David Jeremiah, ",https://m.media-amazon.com/images/I/81F0Agri6eS._AC_UY218_.jpg
18,Suspense reasoning,"The Last Duel: A True Story of Crime, Scandal, and Trial by Combat","subsequent, controversial, boring, wrong, wide, filtered, real, nice, direct, primary,",https://www.amazon.com/Last-Duel-Scandal-Combat-Medieval/dp/0767914171/ref=sr_1_12?qid=1636075614&qsid=146-2930825-2310558&s=books&sr=1-12&sres=0140280197%2C0358574315%2C0989081532%2C0525657746%2C0316551309%2C081298496X%2C0393531562%2C194564009X%2C0143118757%2C1541736699%2C1631494538%2C0767914171%2C0578666154%2C1524763136%2C0593196651%2C1565842715,Law,"Eric Jager, ",https://m.media-amazon.com/images/I/81adM-6U3DL._AC_UY218_.jpg
18,Suspense reasoning,The Secret History,"entire, exciting, likable, bad, slow, old, annoying, boring, possible, describe,",https://www.amazon.com/Secret-History-Donna-Tartt/dp/1400031702/ref=sr_1_23?qid=1639358282&s=books&sr=1-23,"Mystery, Thriller & Suspense","Donna Tartt, ",https://m.media-amazon.com/images/I/91EWBiFTnGL._AC_UY218_.jpg
18,Suspense reasoning,"Thinking, Fast and Slow","audio, common, little, angry, hard, tedious, interactive, non, dark, wrong,",https://www.amazon.com/Thinking-Fast-Slow-Daniel-Kahneman/dp/0374533555/ref=sr_1_29?qid=1639357108&s=books&sr=1-29,Science & Math,"Daniel Kahneman, ",https://m.media-amazon.com/images/I/61fdrEuPJwL._AC_UY218_.jpg
18,Suspense reasoning,"Thinking, Fast and Slow","audio, common, little, angry, hard, tedious, interactive, non, dark, wrong,",https://www.amazon.com/Thinking-Fast-Slow-Daniel-Kahneman/dp/0374533555/ref=sr_1_22?qid=1639358116&s=books&sr=1-22,Business & Money,"Daniel Kahneman, ",https://m.media-amazon.com/images/I/61fdrEuPJwL._AC_UY218_.jpg
18,Suspense reasoning,The Premonition: A Pandemic Story,"public, historical, hard, great, pandemic, good, bad, incompetent, local, critical,",https://www.amazon.com/Premonition-Pandemic-Story-Michael-Lewis/dp/0393881555/ref=sr_1_24?qid=1639358031&s=books&sr=1-24,Medical Books,"Michael Lewis, ",https://m.media-amazon.com/images/I/51y4sn12xoS._AC_UY218_.jpg
18,Suspense reasoning,The Premonition: A Pandemic Story,"public, historical, hard, great, pandemic, good, bad, incompetent, local, critical,",https://www.amazon.com/Premonition-Pandemic-Story-Michael-Lewis/dp/0393881555/ref=sr_1_14?qid=1636075001&s=books&sr=1-14,Medical Books,"Michael Lewis, ",https://m.media-amazon.com/images/I/51y4sn12xoS._AC_UY218_.jpg
19,Warm family,Love Makes a Family,"different, damaged, ugly, indented, glad, clean, colorful, hard, small, new,",https://www.amazon.com/Love-Makes-Family-Sophie-Beer/dp/052555422X/ref=sr_1_31?qid=1639358384&s=books&sr=1-31,LGBTQ+ Books,"Sophie Beer, ",https://m.media-amazon.com/images/I/81ekQaqNUPL._AC_UY218_.jpg
19,Warm family,"Rebel Homemaker: Food, Family, Life","long, devoted, able, ridiculous, tasteless, disappointed, appealing,",https://www.amazon.com/Rebel-Homemaker-Food-Family-Life/dp/0593184106/ref=sr_1_5?qid=1636073537&qsid=146-0086128-2410872&s=books&sr=1-5&sres=0063002604%2C0692927999%2C1647224098%2C1523515279%2C0593184106%2C1940352649%2C1250181909%2C1465449817%2C1523506148%2C0143131664%2C152486398X%2CB08YHVXNK9%2C1999896963%2C1523512806%2C1984823914%2C0762462876,"Crafts, Hobbies & Home","Drew Barrymore, ",https://m.media-amazon.com/images/I/81yhsRHA3nS._AC_UY218_.jpg
19,Warm family,"Raising Good Humans: A Mindful Guide to Breaking the Cycle of Reactive Parenting and Raising Kind, Confident Kids","good, practical, young, inexperienced, experienced, special, intuitive, specific, challenging, onboard,",https://www.amazon.com/Raising-Good-Humans-Parenting-Confident/dp/B08FW8M7WG/ref=sr_1_26?qid=1639358031&s=books&sr=1-26,Medical Books,"Hunter Clarke-Fields MSAE, ",https://m.media-amazon.com/images/I/81mCI-Q1UPL._AC_UY218_.jpg
19,Warm family,"Raising Good Humans: A Mindful Guide to Breaking the Cycle of Reactive Parenting and Raising Kind, Confident Kids","good, practical, young, inexperienced, experienced, special, intuitive, specific, challenging, onboard,",https://www.amazon.com/Raising-Good-Humans-Parenting-Confident/dp/B08FW8M7WG/ref=sr_1_14?qid=1636073138&qsid=137-6033949-7416027&s=books&sr=1-14&sres=1612680178%2C080241270X%2C0692927999%2C0761187480%2C1250223180%2C1585429139%2C1400226759%2C0894864025%2C0553386697%2C1626251703%2C0671631985%2C0593192095%2C1617750255%2C1684033888%2C164152166X%2C0553447718,Parenting & Relationships,"Hunter Clarke-Fields MSAE, ",https://m.media-amazon.com/images/I/81mCI-Q1UPL._AC_UY218_.jpg
19,Warm family,"Raising Good Humans: A Mindful Guide to Breaking the Cycle of Reactive Parenting and Raising Kind, Confident Kids","good, practical, young, inexperienced, experienced, special, intuitive, specific, challenging, onboard,",https://www.amazon.com/Raising-Good-Humans-Parenting-Confident/dp/B08FW8M7WG/ref=sr_1_16?qid=1636075001&s=books&sr=1-16,Medical Books,"Hunter Clarke-Fields MSAE, ",https://m.media-amazon.com/images/I/81mCI-Q1UPL._AC_UY218_.jpg
19,Warm family,Mom's Family Wall Calendar 2022,"little, sturdy, thin, monthly, huge, able, awful, different, old, excited,",https://www.amazon.com/Moms-Family-Wall-Calendar-2022/dp/1523508205/ref=sr_1_27?qid=1639355894&s=books&sr=1-27,Parenting & Relationships,"Sandra Boynton, Workman Calendars, ",https://m.media-amazon.com/images/I/915x1fRo4ZS._AC_UY218_.jpg
19,Warm family,Mom's Family Wall Calendar 2022,"little, sturdy, thin, monthly, huge, able, awful, different, old, excited,",https://www.amazon.com/Moms-Family-Wall-Calendar-2022/dp/1523508205/ref=sr_1_28?qid=1639357638&s=books&sr=1-28,Calendars,"Sandra Boynton, Workman Calendars, ",https://m.media-amazon.com/images/I/915x1fRo4ZS._AC_UY218_.jpg
19,Warm family,"Adult Children of Emotionally Immature Parents: How to Heal from Distant, Rejecting, or Self-Involved Parents","red, wrong, unmet, worth, damaged, empirical, genetic, human, difficult, mature,",https://www.amazon.com/Adult-Children-Emotionally-Immature-Parents/dp/1626251703/ref=sr_1_21?qid=1639355894&s=books&sr=1-21,Parenting & Relationships,"Lindsay C. Gibson PsyD, ",https://m.media-amazon.com/images/I/71eWH4s6GJL._AC_UY218_.jpg
19,Warm family,"Adult Children of Emotionally Immature Parents: How to Heal from Distant, Rejecting, or Self-Involved Parents","red, wrong, unmet, worth, damaged, empirical, genetic, human, difficult, mature,",https://www.amazon.com/Adult-Children-Emotionally-Immature-Parents/dp/1626251703/ref=sr_1_10?qid=1636073138&qsid=137-6033949-7416027&s=books&sr=1-10&sres=1612680178%2C080241270X%2C0692927999%2C0761187480%2C1250223180%2C1585429139%2C1400226759%2C0894864025%2C0553386697%2C1626251703%2C0671631985%2C0593192095%2C1617750255%2C1684033888%2C164152166X%2C0553447718,Parenting & Relationships,"Lindsay C. Gibson, ",https://m.media-amazon.com/images/I/81uxTDB9DjL._AC_UY218_.jpg
19,Warm family,"Maid: Hard Work, Low Pay, and a Mother's Will to Survive","upper, middle, high, good, bad, real, basic, organic, single, terrible,",https://www.amazon.com/Maid-Hard-Work-Mothers-Survive/dp/0316505099/ref=sr_1_6?qid=1636074047&s=books&sr=1-6,"Cookbooks, Food & Wine","Stephanie Land, ",https://m.media-amazon.com/images/I/71GB-yyM8jL._AC_UY218_.jpg
